processid,BOLDID,recordID,catalognum,fieldnum,institution_storing,bin_uri,phylum_taxID,phylum_name,class_taxID,class_name,order_taxID,order_name,family_taxID,family_name,subfamily_taxID,subfamily_name,genus_taxID,genus_name,species_taxID,name,add. Name,morph,identification_provided_by,voucher_type,tissue_type,collectors,date,lifestage,sex,reproduction,extrainfo,notes,lat,lon,trapID,coord_source,coord_accuracy,country,province,region,exactsite,image_ids,image_urls,copyright_licenses,trace_ids,trace_links,run_dates,sequencing_centers,directions,seq_primers,marker_codes
NEONU1424-12,NEONTcarabid6125,3038368, ,carabid6125,"National Ecological Observatory Network, United States", ,20,Arthropoda,82,Insecta,413,Coleoptera,948,Carabidae,, ,, ,,Carabidae,sp.,,David Hoekman, ,leg,Robert Nelson,8/20/2012,A, ,S,Contaminant, ,28.125,-81.433,1, ,,United States,Florida,Osceola County,Disney Wilderness Preserve,,,,4744901|4744996,http://trace.boldsystems.org/traceIO/bold.org/6592163|http://trace.boldsystems.org/traceIO/bold.org/6592258,2013-01-08 19:50:45|2013-01-08 21:22:43,Biodiversity Institute of Ontario|Biodiversity Institute of Ontario,F|R,C_LepFolF|C_LepFolR,COI-5P|COI-5P
NEONU1392-12,NEONTcarabid6116,3038336, ,carabid6116,"National Ecological Observatory Network, United States",BOLD:ACC4751,20,Arthropoda,82,Insecta,413,Coleoptera,948,Carabidae,2933,Harpalinae,171454,Selenophorus,,Carabidae,sp.,,David Hoekman, ,leg,Robert Nelson,7/23/2012,A, ,S,Unresolved, ,28.125,-81.433,1, ,,United States,Florida,Osceola County,Disney Wilderness Preserve,,,,4744869|4744964,http://trace.boldsystems.org/traceIO/bold.org/6592131|http://trace.boldsystems.org/traceIO/bold.org/6592226,2013-01-08 19:50:45|2013-01-08 21:22:43,Biodiversity Institute of Ontario|Biodiversity Institute of Ontario,F|R,C_LepFolF|C_LepFolR,COI-5P|COI-5P
NEONU1422-12,NEONTcarabid6115,3038366, ,carabid6115,"National Ecological Observatory Network, United States",BOLD:ACC4751,20,Arthropoda,82,Insecta,413,Coleoptera,948,Carabidae,2933,Harpalinae,171454,Selenophorus,,Selenophorus,sp.,,Michael Thomas, ,leg,Robert Nelson,7/23/2012,A, ,S,Unresolved, ,28.125,-81.433,1, ,,United States,Florida,Osceola County,Disney Wilderness Preserve,,,,4744899|4744994,http://trace.boldsystems.org/traceIO/bold.org/6592161|http://trace.boldsystems.org/traceIO/bold.org/6592256,2013-01-08 19:50:45|2013-01-08 21:22:43,Biodiversity Institute of Ontario|Biodiversity Institute of Ontario,F|R,C_LepFolF|C_LepFolR,COI-5P|COI-5P
NEONU1414-12,NEONTcarabid6123,3038358, ,carabid6123,"National Ecological Observatory Network, United States", ,20,Arthropoda,82,Insecta,413,Coleoptera,948,Carabidae,, ,, ,,Carabidae,sp.,,Sean Hauser, ,leg,Robert Nelson,7/16/2012,A, ,S, , ,28.104,-81.43,2, ,,United States,Florida,Osceola County,Disney Wilderness Preserve,,,,4770142|4770148,http://trace.boldsystems.org/traceIO/bold.org/6617404|http://trace.boldsystems.org/traceIO/bold.org/6617410,2013-01-18 01:31:43|2013-01-18 03:02:40,Biodiversity Institute of Ontario|Biodiversity Institute of Ontario,R|F,MLepR2|C_LepFolF,COI-5P|COI-5P
NEONU1398-12,NEONTcarabid6122,3038342,carabid6122,carabid6122,"National Ecological Observatory Network, United States",BOLD:AAX4178,20,Arthropoda,82,Insecta,413,Coleoptera,948,Carabidae,2933,Harpalinae,124873,Microlestes,,Carabidae,sp.,,Michael Thomas, ,leg,Robert Nelson,7/30/2012,A, ,S,DNA ID, ,28.064,-81.418,5, ,,United States,Florida,Polk County,Disney Wilderness Preserve,,,,4744875|4744970,http://trace.boldsystems.org/traceIO/bold.org/6592137|http://trace.boldsystems.org/traceIO/bold.org/6592232,2013-01-08 19:50:45|2013-01-08 21:22:43,Biodiversity Institute of Ontario|Biodiversity Institute of Ontario,F|R,C_LepFolF|C_LepFolR,COI-5P|COI-5P
NEONU1387-12,NEONTcarabid6109,3038331, ,carabid6109,"National Ecological Observatory Network, United States", ,20,Arthropoda,82,Insecta,413,Coleoptera,948,Carabidae,2933,Harpalinae,171454,Selenophorus,,Selenophorus,sp.,,Michael Thomas, ,leg,Robert Nelson,7/30/2012,A, ,S,Contaminant, ,28.047,-81.402,7, ,,United States,Florida,Polk County,Disney Wilderness Preserve,,,,4744864|4744959,http://trace.boldsystems.org/traceIO/bold.org/6592126|http://trace.boldsystems.org/traceIO/bold.org/6592221,2013-01-08 19:50:45|2013-01-08 21:22:43,Biodiversity Institute of Ontario|Biodiversity Institute of Ontario,F|R,C_LepFolF|C_LepFolR,COI-5P|COI-5P
NEONU1397-12,NEONTcarabid6121,3038341, ,carabid6121,"National Ecological Observatory Network, United States",BOLD:ACC4583,20,Arthropoda,82,Insecta,413,Coleoptera,948,Carabidae,2933,Harpalinae,379095,Amblygnathus,379096,Amblygnathus iripennis,,,Michael Thomas, ,leg,Robert Nelson,7/16/2012,A, ,S,singleton, ,28.125,-81.433,1, ,,United States,Florida,Osceola County,Disney Wilderness Preserve,,,,4744874|4744969,http://trace.boldsystems.org/traceIO/bold.org/6592136|http://trace.boldsystems.org/traceIO/bold.org/6592231,2013-01-08 19:50:45|2013-01-08 21:22:43,Biodiversity Institute of Ontario|Biodiversity Institute of Ontario,F|R,C_LepFolF|C_LepFolR,COI-5P|COI-5P
NEONU1466-12,NEONTcarabid6088,3038410, ,carabid6088,"National Ecological Observatory Network, United States",BOLD:ACU0733,20,Arthropoda,82,Insecta,413,Coleoptera,948,Carabidae,2933,Harpalinae,24738,Anisodactylus,544715,Anisodactylus ,sp.,D3.A,David Hoekman, ,leg,Robert Nelson,8/20/2012,A, ,S,Unresolved, ,28.125,-81.433,1, ,,United States,Florida,Osceola County,Disney Wilderness Preserve,,,,4745374|4745469,http://trace.boldsystems.org/traceIO/bold.org/6592636|http://trace.boldsystems.org/traceIO/bold.org/6592731,2013-01-08 10:38:48|2013-01-08 18:18:24,Biodiversity Institute of Ontario|Biodiversity Institute of Ontario,F|R,C_LepFolF|C_LepFolR,COI-5P|COI-5P
NEONU1468-12,NEONTcarabid6090,3038412, ,carabid6090,"National Ecological Observatory Network, United States",BOLD:ACE5724,20,Arthropoda,82,Insecta,413,Coleoptera,948,Carabidae,2933,Harpalinae,24738,Anisodactylus,544715,Anisodactylus ,sp.,D3.A,David Hoekman, ,leg,Robert Nelson,7/23/2012,A, ,S,Unresolved, ,28.125,-81.433,1, ,,United States,Florida,Osceola County,Disney Wilderness Preserve,,,,4745376|4745471,http://trace.boldsystems.org/traceIO/bold.org/6592638|http://trace.boldsystems.org/traceIO/bold.org/6592733,2013-01-08 10:38:48|2013-01-08 18:18:24,Biodiversity Institute of Ontario|Biodiversity Institute of Ontario,F|R,C_LepFolF|C_LepFolR,COI-5P|COI-5P
NEONU1471-12,NEONTcarabid6093,3038415, ,carabid6093,"National Ecological Observatory Network, United States",BOLD:ACC4653,20,Arthropoda,82,Insecta,413,Coleoptera,948,Carabidae,2933,Harpalinae,24738,Anisodactylus,544703,Anisodactylus haplomus,,,Michael Thomas, ,leg,Robert Nelson,7/16/2012,A, ,S, , ,28.044,-81.422,4, ,,United States,Florida,Polk County,Disney Wilderness Preserve,,,,4745379|4745474,http://trace.boldsystems.org/traceIO/bold.org/6592641|http://trace.boldsystems.org/traceIO/bold.org/6592736,2013-01-08 10:38:48|2013-01-08 18:18:24,Biodiversity Institute of Ontario|Biodiversity Institute of Ontario,F|R,C_LepFolF|C_LepFolR,COI-5P|COI-5P
NEONU1473-12,NEONTcarabid6142,3038417, ,carabid6142,"National Ecological Observatory Network, United States",BOLD:ACC4653,20,Arthropoda,82,Insecta,413,Coleoptera,948,Carabidae,2933,Harpalinae,24738,Anisodactylus,544703,Anisodactylus haplomus,,,Michael Thomas, ,leg,Robert Nelson,7/23/2012,A, ,S, , ,28.044,-81.422,4, ,,United States,Florida,Polk County,Disney Wilderness Preserve,,,,4745381|4745476,http://trace.boldsystems.org/traceIO/bold.org/6592643|http://trace.boldsystems.org/traceIO/bold.org/6592738,2013-01-08 10:38:48|2013-01-08 18:18:24,Biodiversity Institute of Ontario|Biodiversity Institute of Ontario,F|R,C_LepFolF|C_LepFolR,COI-5P|COI-5P
NEONU1469-12,NEONTcarabid6091,3038413, ,carabid6091,"National Ecological Observatory Network, United States",BOLD:ACC4653,20,Arthropoda,82,Insecta,413,Coleoptera,948,Carabidae,2933,Harpalinae,24738,Anisodactylus,544703,Anisodactylus haplomus,,,Michael Thomas, ,leg,Robert Nelson,7/16/2012,A, ,S, , ,28.044,-81.422,4, ,,United States,Florida,Polk County,Disney Wilderness Preserve,,,,4745377|4745472,http://trace.boldsystems.org/traceIO/bold.org/6592639|http://trace.boldsystems.org/traceIO/bold.org/6592734,2013-01-08 10:38:48|2013-01-08 18:18:24,Biodiversity Institute of Ontario|Biodiversity Institute of Ontario,F|R,C_LepFolF|C_LepFolR,COI-5P|COI-5P
NEONU1474-12,NEONTcarabid6143,3038418, ,carabid6143,"National Ecological Observatory Network, United States",BOLD:ACC4653,20,Arthropoda,82,Insecta,413,Coleoptera,948,Carabidae,2933,Harpalinae,24738,Anisodactylus,544703,Anisodactylus haplomus,,,Michael Thomas, ,leg,Robert Nelson,7/23/2012,A, ,S, , ,28.044,-81.422,4, ,,United States,Florida,Polk County,Disney Wilderness Preserve,,,,4745382|4745477,http://trace.boldsystems.org/traceIO/bold.org/6592644|http://trace.boldsystems.org/traceIO/bold.org/6592739,2013-01-08 10:38:48|2013-01-08 18:18:24,Biodiversity Institute of Ontario|Biodiversity Institute of Ontario,F|R,C_LepFolF|C_LepFolR,COI-5P|COI-5P
NEONU1470-12,NEONTcarabid6092,3038414, ,carabid6092,"National Ecological Observatory Network, United States",BOLD:ACC4653,20,Arthropoda,82,Insecta,413,Coleoptera,948,Carabidae,2933,Harpalinae,24738,Anisodactylus,544703,Anisodactylus haplomus,,,Michael Thomas, ,leg,Robert Nelson,7/16/2012,A, ,S, , ,28.044,-81.422,4, ,,United States,Florida,Polk County,Disney Wilderness Preserve,,,,4745378|4745473,http://trace.boldsystems.org/traceIO/bold.org/6592640|http://trace.boldsystems.org/traceIO/bold.org/6592735,2013-01-08 10:38:48|2013-01-08 18:18:24,Biodiversity Institute of Ontario|Biodiversity Institute of Ontario,F|R,C_LepFolF|C_LepFolR,COI-5P|COI-5P
NEONU1472-12,NEONTcarabid6141,3038416, ,carabid6141,"National Ecological Observatory Network, United States",BOLD:ACC4653,20,Arthropoda,82,Insecta,413,Coleoptera,948,Carabidae,2933,Harpalinae,24738,Anisodactylus,544703,Anisodactylus haplomus,,,Michael Thomas, ,leg,Robert Nelson,7/16/2012,A, ,S, , ,28.044,-81.422,4, ,,United States,Florida,Polk County,Disney Wilderness Preserve,,,,4745380|4745475,http://trace.boldsystems.org/traceIO/bold.org/6592642|http://trace.boldsystems.org/traceIO/bold.org/6592737,2013-01-08 10:38:48|2013-01-08 18:18:24,Biodiversity Institute of Ontario|Biodiversity Institute of Ontario,F|R,C_LepFolF|C_LepFolR,COI-5P|COI-5P
NEONU1467-12,NEONTcarabid6089,3038411, ,carabid6089,"National Ecological Observatory Network, United States",BOLD:ACC4653,20,Arthropoda,82,Insecta,413,Coleoptera,948,Carabidae,2933,Harpalinae,24738,Anisodactylus,544703,Anisodactylus haplomus,,,Michael Thomas, ,leg,Robert Nelson,7/23/2012,A, ,S, , ,28.1,-81.414,6, ,,United States,Florida,Osceola County,Disney Wilderness Preserve,,,,4745375|4745470,http://trace.boldsystems.org/traceIO/bold.org/6592637|http://trace.boldsystems.org/traceIO/bold.org/6592732,2013-01-08 10:38:48|2013-01-08 18:18:24,Biodiversity Institute of Ontario|Biodiversity Institute of Ontario,F|R,C_LepFolF|C_LepFolR,COI-5P|COI-5P
NEONU1475-12,NEONTcarabid6144,3038419, ,carabid6144,"National Ecological Observatory Network, United States",BOLD:ACC4653,20,Arthropoda,82,Insecta,413,Coleoptera,948,Carabidae,2933,Harpalinae,24738,Anisodactylus,544703,Anisodactylus haplomus,,,Michael Thomas, ,leg,Robert Nelson,8/13/2012,A, ,S, , ,28.1,-81.414,6, ,,United States,Florida,Osceola County,Disney Wilderness Preserve,,,,4745383|4745478,http://trace.boldsystems.org/traceIO/bold.org/6592645|http://trace.boldsystems.org/traceIO/bold.org/6592740,2013-01-08 10:38:48|2013-01-08 18:18:24,Biodiversity Institute of Ontario|Biodiversity Institute of Ontario,F|R,C_LepFolF|C_LepFolR,COI-5P|COI-5P
NEONU1413-12,NEONTcarabid6151,3038357, ,carabid6151,"National Ecological Observatory Network, United States",BOLD:AAD4676,20,Arthropoda,82,Insecta,413,Coleoptera,948,Carabidae,160628,Cicindelinae,6184,Cicindela,18634,Cicindela punctulata,,,Michael Thomas, ,leg,Robert Nelson,8/6/2012,A, ,S, , ,28.064,-81.418,5, ,,United States,Florida,Polk County,Disney Wilderness Preserve,,,,4744890|4744985,http://trace.boldsystems.org/traceIO/bold.org/6592152|http://trace.boldsystems.org/traceIO/bold.org/6592247,2013-01-08 19:50:45|2013-01-08 21:22:43,Biodiversity Institute of Ontario|Biodiversity Institute of Ontario,F|R,C_LepFolF|C_LepFolR,COI-5P|COI-5P
NEONU1388-12,NEONTcarabid6110,3038332, ,carabid6110,"National Ecological Observatory Network, United States",BOLD:ACC4752,20,Arthropoda,82,Insecta,413,Coleoptera,948,Carabidae,286700,Scaritinae,24729,Clivina,544705,Clivina ,sp.,D3.C,Michael Thomas, ,leg,Robert Nelson,7/16/2012,A, ,S,Unresolved, ,28.073,-81.429,3, ,,United States,Florida,Polk County,Disney Wilderness Preserve,,,,4744865|4744960,http://trace.boldsystems.org/traceIO/bold.org/6592127|http://trace.boldsystems.org/traceIO/bold.org/6592222,2013-01-08 19:50:45|2013-01-08 21:22:43,Biodiversity Institute of Ontario|Biodiversity Institute of Ontario,F|R,C_LepFolF|C_LepFolR,COI-5P|COI-5P
NEONU1389-12,NEONTcarabid6111,3038333, ,carabid6111,"National Ecological Observatory Network, United States",BOLD:ACC4582,20,Arthropoda,82,Insecta,413,Coleoptera,948,Carabidae,286700,Scaritinae,24729,Clivina,544704,Clivina ,sp.,D3.B,Michael Thomas, ,leg,Robert Nelson,7/16/2012,A, ,S,Unresolved, ,28.073,-81.429,3, ,,United States,Florida,Polk County,Disney Wilderness Preserve,,,,4744866|4744961,http://trace.boldsystems.org/traceIO/bold.org/6592128|http://trace.boldsystems.org/traceIO/bold.org/6592223,2013-01-08 19:50:45|2013-01-08 21:22:43,Biodiversity Institute of Ontario|Biodiversity Institute of Ontario,F|R,C_LepFolF|C_LepFolR,COI-5P|COI-5P
NEONU1426-12,NEONTcarabid6112,3038370, ,carabid6112,"National Ecological Observatory Network, United States",BOLD:ACC4582,20,Arthropoda,82,Insecta,413,Coleoptera,948,Carabidae,286700,Scaritinae,24729,Clivina,544704,Clivina ,sp.,D3.B,Michael Thomas, ,leg,Robert Nelson,8/13/2012,A, ,S,Unresolved, ,28.073,-81.429,3, ,,United States,Florida,Polk County,Disney Wilderness Preserve,,,,4745334|4745429,http://trace.boldsystems.org/traceIO/bold.org/6592596|http://trace.boldsystems.org/traceIO/bold.org/6592691,2013-01-08 10:38:48|2013-01-08 18:18:24,Biodiversity Institute of Ontario|Biodiversity Institute of Ontario,F|R,C_LepFolF|C_LepFolR,COI-5P|COI-5P
NEONU1395-12,NEONTcarabid6119,3038339, ,carabid6119,"National Ecological Observatory Network, United States", ,20,Arthropoda,82,Insecta,413,Coleoptera,948,Carabidae,286700,Scaritinae,24729,Clivina,544704,Clivina ,sp.,D3.B,Michael Thomas, ,leg,Robert Nelson,7/16/2012,A, ,S,Unresolved, ,28.073,-81.429,3, ,,United States,Florida,Polk County,Disney Wilderness Preserve,,,,4770140|4770146,http://trace.boldsystems.org/traceIO/bold.org/6617402|http://trace.boldsystems.org/traceIO/bold.org/6617408,2013-01-18 01:31:43|2013-01-18 03:02:40,Biodiversity Institute of Ontario|Biodiversity Institute of Ontario,R|F,MLepR2|C_LepFolF,COI-5P|COI-5P
NEONU1390-12,NEONTcarabid6113,3038334, ,carabid6113,"National Ecological Observatory Network, United States",BOLD:ACC4582,20,Arthropoda,82,Insecta,413,Coleoptera,948,Carabidae,286700,Scaritinae,24729,Clivina,544704,Clivina ,sp.,D3.B,Michael Thomas, ,leg,Robert Nelson,7/23/2012,A, ,S,Unresolved, ,28.073,-81.429,3, ,,United States,Florida,Polk County,Disney Wilderness Preserve,,,,4744867|4744962,http://trace.boldsystems.org/traceIO/bold.org/6592129|http://trace.boldsystems.org/traceIO/bold.org/6592224,2013-01-08 19:50:45|2013-01-08 21:22:43,Biodiversity Institute of Ontario|Biodiversity Institute of Ontario,F|R,C_LepFolF|C_LepFolR,COI-5P|COI-5P
,7256,,,,,,,,,,,,,,,,,,,Clivina ,sp.,,,,,,8/20/2012,,,,,,,,1,,,,,,,,,,,,,,,,
,7255,,,,,,,,,,,,,,,,,,,Clivina ,sp.,,,,,,8/20/2012,,,,,,,,1,,,,,,,,,,,,,,,,
,7254,,,,,,,,,,,,,,,,,,,Clivina ,sp.,,,,,,8/20/2012,,,,,,,,1,,,,,,,,,,,,,,,,
,7253,,,,,,,,,,,,,,,,,,,Clivina ,sp.,,,,,,8/20/2012,,,,,,,,1,,,,,,,,,,,,,,,,
,7252,,,,,,,,,,,,,,,,,,,Clivina ,sp.,,,,,,8/20/2012,,,,,,,,1,,,,,,,,,,,,,,,,
,7251,,,,,,,,,,,,,,,,,,,Clivina ,sp.,,,,,,8/20/2012,,,,,,,,1,,,,,,,,,,,,,,,,
,7250,,,,,,,,,,,,,,,,,,,Clivina ,sp.,,,,,,8/20/2012,,,,,,,,1,,,,,,,,,,,,,,,,
,7249,,,,,,,,,,,,,,,,,,,Clivina ,sp.,,,,,,8/20/2012,,,,,,,,1,,,,,,,,,,,,,,,,
,7248,,,,,,,,,,,,,,,,,,,Clivina ,sp.,,,,,,8/13/2012,,,,,,,,1,,,,,,,,,,,,,,,,
,7247,,,,,,,,,,,,,,,,,,,Clivina ,sp.,,,,,,8/13/2012,,,,,,,,1,,,,,,,,,,,,,,,,
,7246,,,,,,,,,,,,,,,,,,,Clivina ,sp.,,,,,,8/13/2012,,,,,,,,1,,,,,,,,,,,,,,,,
,7245,,,,,,,,,,,,,,,,,,,Clivina ,sp.,,,,,,8/13/2012,,,,,,,,1,,,,,,,,,,,,,,,,
,7244,,,,,,,,,,,,,,,,,,,Clivina ,sp.,,,,,,8/13/2012,,,,,,,,1,,,,,,,,,,,,,,,,
,7243,,,,,,,,,,,,,,,,,,,Clivina ,sp.,,,,,,8/13/2012,,,,,,,,1,,,,,,,,,,,,,,,,
,7242,,,,,,,,,,,,,,,,,,,Clivina ,sp.,,,,,,8/13/2012,,,,,,,,1,,,,,,,,,,,,,,,,
,7241,,,,,,,,,,,,,,,,,,,Clivina ,sp.,,,,,,8/13/2012,,,,,,,,1,,,,,,,,,,,,,,,,
,7240,,,,,,,,,,,,,,,,,,,Clivina ,sp.,,,,,,8/13/2012,,,,,,,,1,,,,,,,,,,,,,,,,
,7239,,,,,,,,,,,,,,,,,,,Clivina ,sp.,,,,,,8/13/2012,,,,,,,,1,,,,,,,,,,,,,,,,
,7238,,,,,,,,,,,,,,,,,,,Clivina ,sp.,,,,,,8/13/2012,,,,,,,,1,,,,,,,,,,,,,,,,
,7237,,,,,,,,,,,,,,,,,,,Clivina ,sp.,,,,,,8/6/2012,,,,,,,,1,,,,,,,,,,,,,,,,
,7236,,,,,,,,,,,,,,,,,,,Clivina ,sp.,,,,,,8/6/2012,,,,,,,,1,,,,,,,,,,,,,,,,
,7235,,,,,,,,,,,,,,,,,,,Clivina ,sp.,,,,,,8/6/2012,,,,,,,,1,,,,,,,,,,,,,,,,
,7234,,,,,,,,,,,,,,,,,,,Clivina ,sp.,,,,,,8/6/2012,,,,,,,,1,,,,,,,,,,,,,,,,
,7233,,,,,,,,,,,,,,,,,,,Clivina ,sp.,,,,,,8/6/2012,,,,,,,,1,,,,,,,,,,,,,,,,
,7232,,,,,,,,,,,,,,,,,,,Clivina ,sp.,,,,,,8/6/2012,,,,,,,,1,,,,,,,,,,,,,,,,
,7231,,,,,,,,,,,,,,,,,,,Clivina ,sp.,,,,,,8/6/2012,,,,,,,,1,,,,,,,,,,,,,,,,
,7230,,,,,,,,,,,,,,,,,,,Clivina ,sp.,,,,,,8/6/2012,,,,,,,,1,,,,,,,,,,,,,,,,
,7229,,,,,,,,,,,,,,,,,,,Clivina ,sp.,,,,,,8/6/2012,,,,,,,,1,,,,,,,,,,,,,,,,
,7228,,,,,,,,,,,,,,,,,,,Clivina ,sp.,,,,,,8/6/2012,,,,,,,,1,,,,,,,,,,,,,,,,
,7227,,,,,,,,,,,,,,,,,,,Clivina ,sp.,,,,,,8/6/2012,,,,,,,,1,,,,,,,,,,,,,,,,
,7226,,,,,,,,,,,,,,,,,,,Clivina ,sp.,,,,,,8/6/2012,,,,,,,,1,,,,,,,,,,,,,,,,
,7225,,,,,,,,,,,,,,,,,,,Clivina ,sp.,,,,,,8/6/2012,,,,,,,,1,,,,,,,,,,,,,,,,
,7224,,,,,,,,,,,,,,,,,,,Clivina ,sp.,,,,,,8/6/2012,,,,,,,,1,,,,,,,,,,,,,,,,
,7223,,,,,,,,,,,,,,,,,,,Clivina ,sp.,,,,,,8/6/2012,,,,,,,,1,,,,,,,,,,,,,,,,
,7222,,,,,,,,,,,,,,,,,,,Clivina ,sp.,,,,,,7/30/2012,,,,,,,,1,,,,,,,,,,,,,,,,
,7221,,,,,,,,,,,,,,,,,,,Clivina ,sp.,,,,,,7/30/2012,,,,,,,,1,,,,,,,,,,,,,,,,
,7220,,,,,,,,,,,,,,,,,,,Clivina ,sp.,,,,,,7/30/2012,,,,,,,,1,,,,,,,,,,,,,,,,
,7219,,,,,,,,,,,,,,,,,,,Clivina ,sp.,,,,,,7/30/2012,,,,,,,,1,,,,,,,,,,,,,,,,
,7218,,,,,,,,,,,,,,,,,,,Clivina ,sp.,,,,,,7/30/2012,,,,,,,,1,,,,,,,,,,,,,,,,
,7217,,,,,,,,,,,,,,,,,,,Clivina ,sp.,,,,,,7/30/2012,,,,,,,,1,,,,,,,,,,,,,,,,
,7216,,,,,,,,,,,,,,,,,,,Clivina ,sp.,,,,,,7/30/2012,,,,,,,,1,,,,,,,,,,,,,,,,
,7215,,,,,,,,,,,,,,,,,,,Clivina ,sp.,,,,,,7/30/2012,,,,,,,,1,,,,,,,,,,,,,,,,
,7214,,,,,,,,,,,,,,,,,,,Clivina ,sp.,,,,,,7/30/2012,,,,,,,,1,,,,,,,,,,,,,,,,
,7213,,,,,,,,,,,,,,,,,,,Clivina ,sp.,,,,,,7/30/2012,,,,,,,,1,,,,,,,,,,,,,,,,
,7212,,,,,,,,,,,,,,,,,,,Clivina ,sp.,,,,,,7/30/2012,,,,,,,,1,,,,,,,,,,,,,,,,
,7211,,,,,,,,,,,,,,,,,,,Clivina ,sp.,,,,,,7/30/2012,,,,,,,,1,,,,,,,,,,,,,,,,
,7210,,,,,,,,,,,,,,,,,,,Clivina ,sp.,,,,,,7/30/2012,,,,,,,,1,,,,,,,,,,,,,,,,
,7209,,,,,,,,,,,,,,,,,,,Clivina ,sp.,,,,,,7/30/2012,,,,,,,,1,,,,,,,,,,,,,,,,
,7208,,,,,,,,,,,,,,,,,,,Clivina ,sp.,,,,,,7/30/2012,,,,,,,,7,,,,,,,,,,,,,,,,
,7207,,,,,,,,,,,,,,,,,,,Clivina ,sp.,,,,,,8/20/2012,,,,,,,,1,,,,,,,,,,,,,,,,
,7206,,,,,,,,,,,,,,,,,,,Clivina ,sp.,,,,,,7/23/2012,,,,,,,,1,,,,,,,,,,,,,,,,
,7205,,,,,,,,,,,,,,,,,,,Clivina ,sp.,,,,,,7/23/2012,,,,,,,,1,,,,,,,,,,,,,,,,
,7204,,,,,,,,,,,,,,,,,,,Clivina ,sp.,,,,,,7/23/2012,,,,,,,,1,,,,,,,,,,,,,,,,
,7203,,,,,,,,,,,,,,,,,,,Clivina ,sp.,,,,,,7/23/2012,,,,,,,,1,,,,,,,,,,,,,,,,
,7202,,,,,,,,,,,,,,,,,,,Clivina ,sp.,,,,,,7/23/2012,,,,,,,,1,,,,,,,,,,,,,,,,
,7201,,,,,,,,,,,,,,,,,,,Clivina ,sp.,,,,,,7/23/2012,,,,,,,,1,,,,,,,,,,,,,,,,
,7200,,,,,,,,,,,,,,,,,,,Clivina ,sp.,,,,,,7/23/2012,,,,,,,,1,,,,,,,,,,,,,,,,
,7199,,,,,,,,,,,,,,,,,,,Clivina ,sp.,,,,,,7/23/2012,,,,,,,,1,,,,,,,,,,,,,,,,
,7198,,,,,,,,,,,,,,,,,,,Clivina ,sp.,,,,,,7/16/2012,,,,,,,,1,,,,,,,,,,,,,,,,
,7197,,,,,,,,,,,,,,,,,,,Clivina ,sp.,,,,,,7/16/2012,,,,,,,,1,,,,,,,,,,,,,,,,
,7196,,,,,,,,,,,,,,,,,,,Clivina ,sp.,,,,,,7/16/2012,,,,,,,,1,,,,,,,,,,,,,,,,
,7195,,,,,,,,,,,,,,,,,,,Clivina ,sp.,,,,,,7/16/2012,,,,,,,,1,,,,,,,,,,,,,,,,
,7194,,,,,,,,,,,,,,,,,,,Clivina ,sp.,,,,,,7/16/2012,,,,,,,,1,,,,,,,,,,,,,,,,
,7193,,,,,,,,,,,,,,,,,,,Clivina ,sp.,,,,,,7/16/2012,,,,,,,,1,,,,,,,,,,,,,,,,
,7192,,,,,,,,,,,,,,,,,,,Clivina ,sp.,,,,,,7/16/2012,,,,,,,,1,,,,,,,,,,,,,,,,
NEONU1408-12,NEONTcarabid6146,3038352, ,carabid6146,"National Ecological Observatory Network, United States",BOLD:ACC4674,20,Arthropoda,82,Insecta,413,Coleoptera,948,Carabidae,2933,Harpalinae,24727,Cyclotrachelus,544706,Cyclotrachelus faber,,,Michael Thomas, ,leg,Robert Nelson,8/13/2012,A, ,S, , ,28.073,-81.429,3, ,,United States,Florida,Polk County,Disney Wilderness Preserve,,,,4744885|4744980,http://trace.boldsystems.org/traceIO/bold.org/6592147|http://trace.boldsystems.org/traceIO/bold.org/6592242,2013-01-08 19:50:45|2013-01-08 21:22:43,Biodiversity Institute of Ontario|Biodiversity Institute of Ontario,F|R,C_LepFolF|C_LepFolR,COI-5P|COI-5P
NEONU1407-12,NEONTcarabid6145,3038351, ,carabid6145,"National Ecological Observatory Network, United States",BOLD:ACC4674,20,Arthropoda,82,Insecta,413,Coleoptera,948,Carabidae,2933,Harpalinae,24727,Cyclotrachelus,544706,Cyclotrachelus faber,,,Michael Thomas, ,leg,Robert Nelson,7/16/2012,A, ,S, , ,28.073,-81.429,3, ,,United States,Florida,Polk County,Disney Wilderness Preserve,,,,4744884|4744979,http://trace.boldsystems.org/traceIO/bold.org/6592146|http://trace.boldsystems.org/traceIO/bold.org/6592241,2013-01-08 19:50:45|2013-01-08 21:22:43,Biodiversity Institute of Ontario|Biodiversity Institute of Ontario,F|R,C_LepFolF|C_LepFolR,COI-5P|COI-5P
NEONU1409-12,NEONTcarabid6147,3038353, ,carabid6147,"National Ecological Observatory Network, United States",BOLD:ACC4674,20,Arthropoda,82,Insecta,413,Coleoptera,948,Carabidae,2933,Harpalinae,24727,Cyclotrachelus,544706,Cyclotrachelus faber,,,Michael Thomas, ,leg,Robert Nelson,8/20/2012,A, ,S, , ,28.064,-81.418,5, ,,United States,Florida,Polk County,Disney Wilderness Preserve,,,,4744886|4744981,http://trace.boldsystems.org/traceIO/bold.org/6592148|http://trace.boldsystems.org/traceIO/bold.org/6592243,2013-01-08 19:50:45|2013-01-08 21:22:43,Biodiversity Institute of Ontario|Biodiversity Institute of Ontario,F|R,C_LepFolF|C_LepFolR,COI-5P|COI-5P
NEONU1412-12,NEONTcarabid6150,3038356, ,carabid6150,"National Ecological Observatory Network, United States",BOLD:AAZ1200,20,Arthropoda,82,Insecta,413,Coleoptera,948,Carabidae,2933,Harpalinae,361344,Dicaelus,379553,Dicaelus elongatus,,,Michael Thomas, ,leg,Robert Nelson,7/16/2012,A, ,S,singleton, ,28.044,-81.422,4, ,,United States,Florida,Polk County,Disney Wilderness Preserve,,,,4744889|4744984,http://trace.boldsystems.org/traceIO/bold.org/6592151|http://trace.boldsystems.org/traceIO/bold.org/6592246,2013-01-08 19:50:45|2013-01-08 21:22:43,Biodiversity Institute of Ontario|Biodiversity Institute of Ontario,F|R,C_LepFolF|C_LepFolR,COI-5P|COI-5P
NEONU1396-12,NEONTcarabid6120,3038340, ,carabid6120,"National Ecological Observatory Network, United States",BOLD:ACC4750,20,Arthropoda,82,Insecta,413,Coleoptera,948,Carabidae,305158,Trechinae,282684,Elaphropus,544708,Elaphropus ,sp.,D3.F,Michael Thomas, ,leg,Robert Nelson,7/23/2012,A, ,S,Unresolved, ,28.104,-81.43,2, ,,United States,Florida,Osceola County,Disney Wilderness Preserve,,,,4744873|4744968,http://trace.boldsystems.org/traceIO/bold.org/6592135|http://trace.boldsystems.org/traceIO/bold.org/6592230,2013-01-08 19:50:45|2013-01-08 21:22:43,Biodiversity Institute of Ontario|Biodiversity Institute of Ontario,F|R,C_LepFolF|C_LepFolR,COI-5P|COI-5P
NEONU1410-12,NEONTcarabid6148,3038354, ,carabid6148,"National Ecological Observatory Network, United States",BOLD:ACC4675,20,Arthropoda,82,Insecta,413,Coleoptera,948,Carabidae,286700,Scaritinae,124871,Pasimachus,415718,Pasimachus strenuus,,,Michael Thomas, ,leg,Robert Nelson,8/6/2012,A, ,S,Group variation (DNA), ,28.089,-81.397,8, ,,United States,Florida,Osceola County,Disney Wilderness Preserve,,,,4744887|4744982,http://trace.boldsystems.org/traceIO/bold.org/6592149|http://trace.boldsystems.org/traceIO/bold.org/6592244,2013-01-08 19:50:45|2013-01-08 21:22:43,Biodiversity Institute of Ontario|Biodiversity Institute of Ontario,F|R,C_LepFolF|C_LepFolR,COI-5P|COI-5P
NEONU1411-12,NEONTcarabid6149,3038355, ,carabid6149,"National Ecological Observatory Network, United States",BOLD:ACC4675,20,Arthropoda,82,Insecta,413,Coleoptera,948,Carabidae,286700,Scaritinae,124871,Pasimachus,415718,Pasimachus strenuus,,,Michael Thomas, ,leg,Robert Nelson,8/13/2012,A, ,S,Group variation (DNA), ,28.089,-81.397,8, ,,United States,Florida,Osceola County,Disney Wilderness Preserve,,,,4744888|4744983,http://trace.boldsystems.org/traceIO/bold.org/6592150|http://trace.boldsystems.org/traceIO/bold.org/6592245,2013-01-08 19:50:45|2013-01-08 21:22:43,Biodiversity Institute of Ontario|Biodiversity Institute of Ontario,F|R,C_LepFolF|C_LepFolR,COI-5P|COI-5P
NEONU1452-12,NEONTcarabid6073,3038396, ,carabid6073,"National Ecological Observatory Network, United States",BOLD:ACC4676,20,Arthropoda,82,Insecta,413,Coleoptera,948,Carabidae,286700,Scaritinae,124871,Pasimachus,415719,Pasimachus sublaevis,,,Michael Thomas, ,leg,Robert Nelson,7/16/2012,A, ,S,Group variation (DNA), ,28.125,-81.433,1, ,,United States,Florida,Osceola County,Disney Wilderness Preserve,,,,4745360|4745455,http://trace.boldsystems.org/traceIO/bold.org/6592622|http://trace.boldsystems.org/traceIO/bold.org/6592717,2013-01-08 10:38:48|2013-01-08 18:18:24,Biodiversity Institute of Ontario|Biodiversity Institute of Ontario,F|R,C_LepFolF|C_LepFolR,COI-5P|COI-5P
NEONU1451-12,NEONTcarabid6072,3038395, ,carabid6072,"National Ecological Observatory Network, United States",BOLD:ACC4676,20,Arthropoda,82,Insecta,413,Coleoptera,948,Carabidae,286700,Scaritinae,124871,Pasimachus,415719,Pasimachus sublaevis,,,Michael Thomas, ,leg,Robert Nelson,8/6/2012,A, ,S,Group variation (DNA), ,28.104,-81.43,2, ,,United States,Florida,Osceola County,Disney Wilderness Preserve,,,,4745359|4745454,http://trace.boldsystems.org/traceIO/bold.org/6592621|http://trace.boldsystems.org/traceIO/bold.org/6592716,2013-01-08 10:38:48|2013-01-08 18:18:24,Biodiversity Institute of Ontario|Biodiversity Institute of Ontario,F|R,C_LepFolF|C_LepFolR,COI-5P|COI-5P
NEONU1453-12,NEONTcarabid6074,3038397, ,carabid6074,"National Ecological Observatory Network, United States",BOLD:ACC4570,20,Arthropoda,82,Insecta,413,Coleoptera,948,Carabidae,286700,Scaritinae,124871,Pasimachus,415719,Pasimachus sublaevis,,,Michael Thomas, ,leg,Robert Nelson,7/16/2012,A, ,S,Group variation (DNA), ,28.104,-81.43,2, ,,United States,Florida,Osceola County,Disney Wilderness Preserve,,,,4745361|4745456,http://trace.boldsystems.org/traceIO/bold.org/6592623|http://trace.boldsystems.org/traceIO/bold.org/6592718,2013-01-08 10:38:48|2013-01-08 18:18:24,Biodiversity Institute of Ontario|Biodiversity Institute of Ontario,F|R,C_LepFolF|C_LepFolR,COI-5P|COI-5P
NEONU1447-12,NEONTcarabid6068,3038391, ,carabid6068,"National Ecological Observatory Network, United States",BOLD:ACC4676,20,Arthropoda,82,Insecta,413,Coleoptera,948,Carabidae,286700,Scaritinae,124871,Pasimachus,415719,Pasimachus sublaevis,,,Michael Thomas, ,leg,Robert Nelson,7/16/2012,A, ,S,Group variation (DNA), ,28.112,-81.415,6, ,,United States,Florida,Osceola County,Disney Wilderness Preserve,,,,4745355|4745450,http://trace.boldsystems.org/traceIO/bold.org/6592617|http://trace.boldsystems.org/traceIO/bold.org/6592712,2013-01-08 10:38:48|2013-01-08 18:18:24,Biodiversity Institute of Ontario|Biodiversity Institute of Ontario,F|R,C_LepFolF|C_LepFolR,COI-5P|COI-5P
NEONU1449-12,NEONTcarabid6070,3038393, ,carabid6070,"National Ecological Observatory Network, United States",BOLD:ACC4570,20,Arthropoda,82,Insecta,413,Coleoptera,948,Carabidae,286700,Scaritinae,124871,Pasimachus,415719,Pasimachus sublaevis,,,Michael Thomas, ,leg,Robert Nelson,8/13/2012,A, ,S,Group variation (DNA), ,28.112,-81.415,6, ,,United States,Florida,Osceola County,Disney Wilderness Preserve,,,,4745357|4745452,http://trace.boldsystems.org/traceIO/bold.org/6592619|http://trace.boldsystems.org/traceIO/bold.org/6592714,2013-01-08 10:38:48|2013-01-08 18:18:24,Biodiversity Institute of Ontario|Biodiversity Institute of Ontario,F|R,C_LepFolF|C_LepFolR,COI-5P|COI-5P
NEONU1417-12,NEONTcarabid6075,3038361, ,carabid6075,"National Ecological Observatory Network, United States",BOLD:ACC4676,20,Arthropoda,82,Insecta,413,Coleoptera,948,Carabidae,286700,Scaritinae,124871,Pasimachus,415719,Pasimachus sublaevis,,,Michael Thomas, ,leg,Robert Nelson,7/16/2012,A, ,S,Group variation (DNA), ,28.1,-81.414,6, ,,United States,Florida,Osceola County,Disney Wilderness Preserve,,,,4744894|4744989,http://trace.boldsystems.org/traceIO/bold.org/6592156|http://trace.boldsystems.org/traceIO/bold.org/6592251,2013-01-08 19:50:45|2013-01-08 21:22:43,Biodiversity Institute of Ontario|Biodiversity Institute of Ontario,F|R,C_LepFolF|C_LepFolR,COI-5P|COI-5P
NEONU1455-12,NEONTcarabid6077,3038399, ,carabid6077,"National Ecological Observatory Network, United States",BOLD:ACC4676,20,Arthropoda,82,Insecta,413,Coleoptera,948,Carabidae,286700,Scaritinae,124871,Pasimachus,415719,Pasimachus sublaevis,,,Michael Thomas, ,leg,Robert Nelson,8/20/2012,A, ,S,Group variation (DNA), ,28.047,-81.402,7, ,,United States,Florida,Polk County,Disney Wilderness Preserve,,,,4745363|4745458,http://trace.boldsystems.org/traceIO/bold.org/6592625|http://trace.boldsystems.org/traceIO/bold.org/6592720,2013-01-08 10:38:48|2013-01-08 18:18:24,Biodiversity Institute of Ontario|Biodiversity Institute of Ontario,F|R,C_LepFolF|C_LepFolR,COI-5P|COI-5P
NEONU1450-12,NEONTcarabid6071,3038394, ,carabid6071,"National Ecological Observatory Network, United States",BOLD:ACC4676,20,Arthropoda,82,Insecta,413,Coleoptera,948,Carabidae,286700,Scaritinae,124871,Pasimachus,415719,Pasimachus sublaevis,,,Michael Thomas, ,leg,Robert Nelson,8/13/2012,A, ,S,Group variation (DNA), ,28.089,-81.397,8, ,,United States,Florida,Osceola County,Disney Wilderness Preserve,,,,4745358|4745453,http://trace.boldsystems.org/traceIO/bold.org/6592620|http://trace.boldsystems.org/traceIO/bold.org/6592715,2013-01-08 10:38:48|2013-01-08 18:18:24,Biodiversity Institute of Ontario|Biodiversity Institute of Ontario,F|R,C_LepFolF|C_LepFolR,COI-5P|COI-5P
NEONU1454-12,NEONTcarabid6076,3038398, ,carabid6076,"National Ecological Observatory Network, United States",BOLD:ACC4676,20,Arthropoda,82,Insecta,413,Coleoptera,948,Carabidae,286700,Scaritinae,124871,Pasimachus,415719,Pasimachus sublaevis,,,Michael Thomas, ,leg,Robert Nelson,7/16/2012,A, ,S,Group variation (DNA), ,28.058,-81.389,8, ,,United States,Florida,Polk County,Disney Wilderness Preserve,,,,4745362|4745457,http://trace.boldsystems.org/traceIO/bold.org/6592624|http://trace.boldsystems.org/traceIO/bold.org/6592719,2013-01-08 10:38:48|2013-01-08 18:18:24,Biodiversity Institute of Ontario|Biodiversity Institute of Ontario,F|R,C_LepFolF|C_LepFolR,COI-5P|COI-5P
NEONU1448-12,NEONTcarabid6069,3038392, ,carabid6069,"National Ecological Observatory Network, United States",BOLD:ACC4676,20,Arthropoda,82,Insecta,413,Coleoptera,948,Carabidae,286700,Scaritinae,124871,Pasimachus,415719,Pasimachus sublaevis,,,Michael Thomas, ,leg,Robert Nelson,8/13/2012,A, ,S,Group variation (DNA), ,28.058,-81.389,8, ,,United States,Florida,Polk County,Disney Wilderness Preserve,,,,4745356|4745451,http://trace.boldsystems.org/traceIO/bold.org/6592618|http://trace.boldsystems.org/traceIO/bold.org/6592713,2013-01-08 10:38:48|2013-01-08 18:18:24,Biodiversity Institute of Ontario|Biodiversity Institute of Ontario,F|R,C_LepFolF|C_LepFolR,COI-5P|COI-5P
,7142,,,,,,,,,,,,,,,,,,,Pasimachus sublaevis,,,,,,,7/30/2012,,,,,,,,7,,,,,,,,,,,,,,,,
,7141,,,,,,,,,,,,,,,,,,,Pasimachus sublaevis,,,,,,,7/16/2012,,,,,,,,1,,,,,,,,,,,,,,,,
,7140,,,,,,,,,,,,,,,,,,,Pasimachus sublaevis,,,,,,,7/16/2012,,,,,,,,1,,,,,,,,,,,,,,,,
,7139,,,,,,,,,,,,,,,,,,,Pasimachus sublaevis,,,,,,,7/16/2012,,,,,,,,6,,,,,,,,,,,,,,,,
,7138,,,,,,,,,,,,,,,,,,,Pasimachus sublaevis,,,,,,,7/23/2012,,,,,,,,9,,,,,,,,,,,,,,,,
,7137,,,,,,,,,,,,,,,,,,,Pasimachus sublaevis,,,,,,,7/30/2012,,,,,,,,9,,,,,,,,,,,,,,,,
,7136,,,,,,,,,,,,,,,,,,,Pasimachus sublaevis,,,,,,,7/30/2012,,,,,,,,1,,,,,,,,,,,,,,,,
,7135,,,,,,,,,,,,,,,,,,,Pasimachus sublaevis,,,,,,,7/30/2012,,,,,,,,1,,,,,,,,,,,,,,,,
,7134,,,,,,,,,,,,,,,,,,,Pasimachus sublaevis,,,,,,,7/30/2012,,,,,,,,1,,,,,,,,,,,,,,,,
,7133,,,,,,,,,,,,,,,,,,,Pasimachus sublaevis,,,,,,,8/6/2012,,,,,,,,7,,,,,,,,,,,,,,,,
,7132,,,,,,,,,,,,,,,,,,,Pasimachus sublaevis,,,,,,,8/20/2012,,,,,,,,1,,,,,,,,,,,,,,,,
,7131,,,,,,,,,,,,,,,,,,,Pasimachus sublaevis,,,,,,,7/30/2012,,,,,,,,9,,,,,,,,,,,,,,,,
,7130,,,,,,,,,,,,,,,,,,,Pasimachus sublaevis,,,,,,,7/30/2012,,,,,,,,9,,,,,,,,,,,,,,,,
,7129,,,,,,,,,,,,,,,,,,,Pasimachus sublaevis,,,,,,,8/20/2012,,,,,,,,7,,,,,,,,,,,,,,,,
,7128,,,,,,,,,,,,,,,,,,,Pasimachus sublaevis,,,,,,,7/16/2012,,,,,,,,2,,,,,,,,,,,,,,,,
,7127,,,,,,,,,,,,,,,,,,,Pasimachus sublaevis,,,,,,,8/20/2012,,,,,,,,1,,,,,,,,,,,,,,,,
,7126,,,,,,,,,,,,,,,,,,,Pasimachus sublaevis,,,,,,,7/23/2012,,,,,,,,5,,,,,,,,,,,,,,,,
,7125,,,,,,,,,,,,,,,,,,,Pasimachus sublaevis,,,,,,,8/6/2012,,,,,,,,7,,,,,,,,,,,,,,,,
,7124,,,,,,,,,,,,,,,,,,,Pasimachus sublaevis,,,,,,,8/20/2012,,,,,,,,7,,,,,,,,,,,,,,,,
,7123,,,,,,,,,,,,,,,,,,,Pasimachus sublaevis,,,,,,,8/6/2012,,,,,,,,10,,,,,,,,,,,,,,,,
,7122,,,,,,,,,,,,,,,,,,,Pasimachus sublaevis,,,,,,,8/13/2012,,,,,,,,9,,,,,,,,,,,,,,,,
,7121,,,,,,,,,,,,,,,,,,,Pasimachus sublaevis,,,,,,,8/6/2012,,,,,,,,9,,,,,,,,,,,,,,,,
,7120,,,,,,,,,,,,,,,,,,,Pasimachus sublaevis,,,,,,,7/23/2012,,,,,,,,8,,,,,,,,,,,,,,,,
,7119,,,,,,,,,,,,,,,,,,,Pasimachus sublaevis,,,,,,,8/6/2012,,,,,,,,6,,,,,,,,,,,,,,,,
,7118,,,,,,,,,,,,,,,,,,,Pasimachus sublaevis,,,,,,,8/6/2012,,,,,,,,7,,,,,,,,,,,,,,,,
,7117,,,,,,,,,,,,,,,,,,,Pasimachus sublaevis,,,,,,,8/6/2012,,,,,,,,7,,,,,,,,,,,,,,,,
,7116,,,,,,,,,,,,,,,,,,,Pasimachus sublaevis,,,,,,,8/6/2012,,,,,,,,2,,,,,,,,,,,,,,,,
,7115,,,,,,,,,,,,,,,,,,,Pasimachus sublaevis,,,,,,,8/20/2012,,,,,,,,5,,,,,,,,,,,,,,,,
,7114,,,,,,,,,,,,,,,,,,,Pasimachus sublaevis,,,,,,,8/6/2012,,,,,,,,7,,,,,,,,,,,,,,,,
,7113,,,,,,,,,,,,,,,,,,,Pasimachus sublaevis,,,,,,,8/13/2012,,,,,,,,5,,,,,,,,,,,,,,,,
,7112,,,,,,,,,,,,,,,,,,,Pasimachus sublaevis,,,,,,,8/13/2012,,,,,,,,5,,,,,,,,,,,,,,,,
,7111,,,,,,,,,,,,,,,,,,,Pasimachus sublaevis,,,,,,,7/23/2012,,,,,,,,9,,,,,,,,,,,,,,,,
,7110,,,,,,,,,,,,,,,,,,,Pasimachus sublaevis,,,,,,,8/6/2012,,,,,,,,1,,,,,,,,,,,,,,,,
,7109,,,,,,,,,,,,,,,,,,,Pasimachus sublaevis,,,,,,,8/6/2012,,,,,,,,5,,,,,,,,,,,,,,,,
,7108,,,,,,,,,,,,,,,,,,,Pasimachus sublaevis,,,,,,,8/6/2012,,,,,,,,1,,,,,,,,,,,,,,,,
,7107,,,,,,,,,,,,,,,,,,,Pasimachus sublaevis,,,,,,,7/30/2012,,,,,,,,9,,,,,,,,,,,,,,,,
,7106,,,,,,,,,,,,,,,,,,,Pasimachus sublaevis,,,,,,,7/16/2012,,,,,,,,7,,,,,,,,,,,,,,,,
,7105,,,,,,,,,,,,,,,,,,,Pasimachus sublaevis,,,,,,,7/23/2012,,,,,,,,5,,,,,,,,,,,,,,,,
,7104,,,,,,,,,,,,,,,,,,,Pasimachus sublaevis,,,,,,,7/30/2012,,,,,,,,9,,,,,,,,,,,,,,,,
,7103,,,,,,,,,,,,,,,,,,,Pasimachus sublaevis,,,,,,,7/30/2012,,,,,,,,9,,,,,,,,,,,,,,,,
,7102,,,,,,,,,,,,,,,,,,,Pasimachus sublaevis,,,,,,,8/6/2012,,,,,,,,1,,,,,,,,,,,,,,,,
,7101,,,,,,,,,,,,,,,,,,,Pasimachus sublaevis,,,,,,,8/6/2012,,,,,,,,1,,,,,,,,,,,,,,,,
,7100,,,,,,,,,,,,,,,,,,,Pasimachus sublaevis,,,,,,,8/6/2012,,,,,,,,5,,,,,,,,,,,,,,,,
,7099,,,,,,,,,,,,,,,,,,,Pasimachus sublaevis,,,,,,,8/6/2012,,,,,,,,7,,,,,,,,,,,,,,,,
,7098,,,,,,,,,,,,,,,,,,,Pasimachus sublaevis,,,,,,,7/16/2012,,,,,,,,9,,,,,,,,,,,,,,,,
,7097,,,,,,,,,,,,,,,,,,,Pasimachus sublaevis,,,,,,,8/6/2012,,,,,,,,7,,,,,,,,,,,,,,,,
,7096,,,,,,,,,,,,,,,,,,,Pasimachus sublaevis,,,,,,,7/30/2012,,,,,,,,7,,,,,,,,,,,,,,,,
,7095,,,,,,,,,,,,,,,,,,,Pasimachus sublaevis,,,,,,,8/6/2012,,,,,,,,9,,,,,,,,,,,,,,,,
,7094,,,,,,,,,,,,,,,,,,,Pasimachus sublaevis,,,,,,,8/13/2012,,,,,,,,9,,,,,,,,,,,,,,,,
,7047,,,,,,,,,,,,,,,,,,,Pasimachus sublaevis,,,,,,,8/20/2012,,,,,,,,9,,,,,,,,,,,,,,,,
,7046,,,,,,,,,,,,,,,,,,,Pasimachus sublaevis,,,,,,,7/30/2012,,,,,,,,5,,,,,,,,,,,,,,,,
,7045,,,,,,,,,,,,,,,,,,,Pasimachus sublaevis,,,,,,,7/23/2012,,,,,,,,1,,,,,,,,,,,,,,,,
,7044,,,,,,,,,,,,,,,,,,,Pasimachus sublaevis,,,,,,,7/23/2012,,,,,,,,8,,,,,,,,,,,,,,,,
,7043,,,,,,,,,,,,,,,,,,,Pasimachus sublaevis,,,,,,,7/16/2012,,,,,,,,5,,,,,,,,,,,,,,,,
,7042,,,,,,,,,,,,,,,,,,,Pasimachus sublaevis,,,,,,,7/30/2012,,,,,,,,9,,,,,,,,,,,,,,,,
,7041,,,,,,,,,,,,,,,,,,,Pasimachus sublaevis,,,,,,,7/23/2012,,,,,,,,9,,,,,,,,,,,,,,,,
,7040,,,,,,,,,,,,,,,,,,,Pasimachus sublaevis,,,,,,,8/6/2012,,,,,,,,1,,,,,,,,,,,,,,,,
,7039,,,,,,,,,,,,,,,,,,,Pasimachus sublaevis,,,,,,,8/13/2012,,,,,,,,7,,,,,,,,,,,,,,,,
,7038,,,,,,,,,,,,,,,,,,,Pasimachus sublaevis,,,,,,,8/6/2012,,,,,,,,7,,,,,,,,,,,,,,,,
,7037,,,,,,,,,,,,,,,,,,,Pasimachus sublaevis,,,,,,,7/16/2012,,,,,,,,7,,,,,,,,,,,,,,,,
,7036,,,,,,,,,,,,,,,,,,,Pasimachus sublaevis,,,,,,,7/30/2012,,,,,,,,9,,,,,,,,,,,,,,,,
,7035,,,,,,,,,,,,,,,,,,,Pasimachus sublaevis,,,,,,,7/30/2012,,,,,,,,9,,,,,,,,,,,,,,,,
,7034,,,,,,,,,,,,,,,,,,,Pasimachus sublaevis,,,,,,,8/20/2012,,,,,,,,5,,,,,,,,,,,,,,,,
,7033,,,,,,,,,,,,,,,,,,,Pasimachus sublaevis,,,,,,,8/20/2012,,,,,,,,1,,,,,,,,,,,,,,,,
,7032,,,,,,,,,,,,,,,,,,,Pasimachus sublaevis,,,,,,,8/6/2012,,,,,,,,8,,,,,,,,,,,,,,,,
,7031,,,,,,,,,,,,,,,,,,,Pasimachus sublaevis,,,,,,,8/6/2012,,,,,,,,9,,,,,,,,,,,,,,,,
,7030,,,,,,,,,,,,,,,,,,,Pasimachus sublaevis,,,,,,,7/16/2012,,,,,,,,1,,,,,,,,,,,,,,,,
,7029,,,,,,,,,,,,,,,,,,,Pasimachus sublaevis,,,,,,,7/23/2012,,,,,,,,1,,,,,,,,,,,,,,,,
,7028,,,,,,,,,,,,,,,,,,,Pasimachus sublaevis,,,,,,,7/30/2012,,,,,,,,1,,,,,,,,,,,,,,,,
,7027,,,,,,,,,,,,,,,,,,,Pasimachus sublaevis,,,,,,,7/23/2012,,,,,,,,9,,,,,,,,,,,,,,,,
,7026,,,,,,,,,,,,,,,,,,,Pasimachus sublaevis,,,,,,,7/16/2012,,,,,,,,8,,,,,,,,,,,,,,,,
,7025,,,,,,,,,,,,,,,,,,,Pasimachus sublaevis,,,,,,,7/16/2012,,,,,,,,7,,,,,,,,,,,,,,,,
,7024,,,,,,,,,,,,,,,,,,,Pasimachus sublaevis,,,,,,,7/30/2012,,,,,,,,9,,,,,,,,,,,,,,,,
,7023,,,,,,,,,,,,,,,,,,,Pasimachus sublaevis,,,,,,,7/23/2012,,,,,,,,5,,,,,,,,,,,,,,,,
,7022,,,,,,,,,,,,,,,,,,,Pasimachus sublaevis,,,,,,,7/30/2012,,,,,,,,9,,,,,,,,,,,,,,,,
,7021,,,,,,,,,,,,,,,,,,,Pasimachus sublaevis,,,,,,,7/30/2012,,,,,,,,5,,,,,,,,,,,,,,,,
,7020,,,,,,,,,,,,,,,,,,,Pasimachus sublaevis,,,,,,,7/23/2012,,,,,,,,2,,,,,,,,,,,,,,,,
,7019,,,,,,,,,,,,,,,,,,,Pasimachus sublaevis,,,,,,,7/16/2012,,,,,,,,9,,,,,,,,,,,,,,,,
,7018,,,,,,,,,,,,,,,,,,,Pasimachus sublaevis,,,,,,,7/16/2012,,,,,,,,3,,,,,,,,,,,,,,,,
,7017,,,,,,,,,,,,,,,,,,,Pasimachus sublaevis,,,,,,,8/6/2012,,,,,,,,9,,,,,,,,,,,,,,,,
,7016,,,,,,,,,,,,,,,,,,,Pasimachus sublaevis,,,,,,,8/6/2012,,,,,,,,9,,,,,,,,,,,,,,,,
,7015,,,,,,,,,,,,,,,,,,,Pasimachus sublaevis,,,,,,,7/23/2012,,,,,,,,7,,,,,,,,,,,,,,,,
,7014,,,,,,,,,,,,,,,,,,,Pasimachus sublaevis,,,,,,,7/30/2012,,,,,,,,7,,,,,,,,,,,,,,,,
,7013,,,,,,,,,,,,,,,,,,,Pasimachus sublaevis,,,,,,,7/16/2012,,,,,,,,7,,,,,,,,,,,,,,,,
,7012,,,,,,,,,,,,,,,,,,,Pasimachus sublaevis,,,,,,,7/16/2012,,,,,,,,7,,,,,,,,,,,,,,,,
,7011,,,,,,,,,,,,,,,,,,,Pasimachus sublaevis,,,,,,,8/13/2012,,,,,,,,9,,,,,,,,,,,,,,,,
,7010,,,,,,,,,,,,,,,,,,,Pasimachus sublaevis,,,,,,,8/13/2012,,,,,,,,9,,,,,,,,,,,,,,,,
,7009,,,,,,,,,,,,,,,,,,,Pasimachus sublaevis,,,,,,,8/20/2012,,,,,,,,6,,,,,,,,,,,,,,,,
,7008,,,,,,,,,,,,,,,,,,,Pasimachus sublaevis,,,,,,,8/6/2012,,,,,,,,7,,,,,,,,,,,,,,,,
,7007,,,,,,,,,,,,,,,,,,,Pasimachus sublaevis,,,,,,,8/20/2012,,,,,,,,7,,,,,,,,,,,,,,,,
,7006,,,,,,,,,,,,,,,,,,,Pasimachus sublaevis,,,,,,,8/13/2012,,,,,,,,7,,,,,,,,,,,,,,,,
,7005,,,,,,,,,,,,,,,,,,,Pasimachus sublaevis,,,,,,,8/13/2012,,,,,,,,7,,,,,,,,,,,,,,,,
NEONU1463-12,NEONTcarabid6085,3038407, ,carabid6085,"National Ecological Observatory Network, United States",BOLD:ACC4541,20,Arthropoda,82,Insecta,413,Coleoptera,948,Carabidae,286700,Scaritinae,24714,Scarites,544710,Scarites ocalensis,,,Michael Thomas, ,leg,Robert Nelson,8/6/2012,A, ,S, , ,28.104,-81.43,2, ,,United States,Florida,Osceola County,Disney Wilderness Preserve,,,,4745371|4745466,http://trace.boldsystems.org/traceIO/bold.org/6592633|http://trace.boldsystems.org/traceIO/bold.org/6592728,2013-01-08 10:38:48|2013-01-08 18:18:24,Biodiversity Institute of Ontario|Biodiversity Institute of Ontario,F|R,C_LepFolF|C_LepFolR,COI-5P|COI-5P
NEONU1456-12,NEONTcarabid6078,3038400, ,carabid6078,"National Ecological Observatory Network, United States",BOLD:ACC4541,20,Arthropoda,82,Insecta,413,Coleoptera,948,Carabidae,286700,Scaritinae,24714,Scarites,544710,Scarites ocalensis,,,Michael Thomas, ,leg,Robert Nelson,7/23/2012,A, ,S, , ,28.104,-81.43,2, ,,United States,Florida,Osceola County,Disney Wilderness Preserve,,,,4745364|4745459,http://trace.boldsystems.org/traceIO/bold.org/6592626|http://trace.boldsystems.org/traceIO/bold.org/6592721,2013-01-08 10:38:48|2013-01-08 18:18:24,Biodiversity Institute of Ontario|Biodiversity Institute of Ontario,F|R,C_LepFolF|C_LepFolR,COI-5P|COI-5P
NEONU1457-12,NEONTcarabid6079,3038401, ,carabid6079,"National Ecological Observatory Network, United States",BOLD:ACC4541,20,Arthropoda,82,Insecta,413,Coleoptera,948,Carabidae,286700,Scaritinae,24714,Scarites,544710,Scarites ocalensis,,,Michael Thomas, ,leg,Robert Nelson,7/16/2012,A, ,S, , ,28.112,-81.415,6, ,,United States,Florida,Osceola County,Disney Wilderness Preserve,,,,4745365|4745460,http://trace.boldsystems.org/traceIO/bold.org/6592627|http://trace.boldsystems.org/traceIO/bold.org/6592722,2013-01-08 10:38:48|2013-01-08 18:18:24,Biodiversity Institute of Ontario|Biodiversity Institute of Ontario,F|R,C_LepFolF|C_LepFolR,COI-5P|COI-5P
NEONU1458-12,NEONTcarabid6080,3038402, ,carabid6080,"National Ecological Observatory Network, United States",BOLD:ACC4541,20,Arthropoda,82,Insecta,413,Coleoptera,948,Carabidae,286700,Scaritinae,24714,Scarites,544710,Scarites ocalensis,,,Michael Thomas, ,leg,Robert Nelson,8/13/2012,A, ,S, , ,28.112,-81.415,6, ,,United States,Florida,Osceola County,Disney Wilderness Preserve,,,,4745366|4745461,http://trace.boldsystems.org/traceIO/bold.org/6592628|http://trace.boldsystems.org/traceIO/bold.org/6592723,2013-01-08 10:38:48|2013-01-08 18:18:24,Biodiversity Institute of Ontario|Biodiversity Institute of Ontario,F|R,C_LepFolF|C_LepFolR,COI-5P|COI-5P
NEONU1461-12,NEONTcarabid6083,3038405, ,carabid6083,"National Ecological Observatory Network, United States",BOLD:ACC4541,20,Arthropoda,82,Insecta,413,Coleoptera,948,Carabidae,286700,Scaritinae,24714,Scarites,544710,Scarites ocalensis,,,Michael Thomas, ,leg,Robert Nelson,8/13/2012,A, ,S, , ,28.047,-81.402,7, ,,United States,Florida,Polk County,Disney Wilderness Preserve,,,,4745369|4745464,http://trace.boldsystems.org/traceIO/bold.org/6592631|http://trace.boldsystems.org/traceIO/bold.org/6592726,2013-01-08 10:38:48|2013-01-08 18:18:24,Biodiversity Institute of Ontario|Biodiversity Institute of Ontario,F|R,C_LepFolF|C_LepFolR,COI-5P|COI-5P
NEONU1464-12,NEONTcarabid6086,3038408, ,carabid6086,"National Ecological Observatory Network, United States",BOLD:ACC4541,20,Arthropoda,82,Insecta,413,Coleoptera,948,Carabidae,286700,Scaritinae,24714,Scarites,544710,Scarites ocalensis,,,Michael Thomas, ,leg,Robert Nelson,8/6/2012,A, ,S, , ,28.047,-81.402,7, ,,United States,Florida,Polk County,Disney Wilderness Preserve,,,,4745372|4745467,http://trace.boldsystems.org/traceIO/bold.org/6592634|http://trace.boldsystems.org/traceIO/bold.org/6592729,2013-01-08 10:38:48|2013-01-08 18:18:24,Biodiversity Institute of Ontario|Biodiversity Institute of Ontario,F|R,C_LepFolF|C_LepFolR,COI-5P|COI-5P
NEONU1465-12,NEONTcarabid6087,3038409, ,carabid6087,"National Ecological Observatory Network, United States",BOLD:ACC4685,20,Arthropoda,82,Insecta,413,Coleoptera,948,Carabidae,286700,Scaritinae,24714,Scarites,544710,Scarites ocalensis,,,Michael Thomas, ,leg,Robert Nelson,8/20/2012,A, ,S, , ,28.047,-81.402,7, ,,United States,Florida,Polk County,Disney Wilderness Preserve,,,,4745373|4745468,http://trace.boldsystems.org/traceIO/bold.org/6592635|http://trace.boldsystems.org/traceIO/bold.org/6592730,2013-01-08 10:38:48|2013-01-08 18:18:24,Biodiversity Institute of Ontario|Biodiversity Institute of Ontario,F|R,C_LepFolF|C_LepFolR,COI-5P|COI-5P
NEONU1462-12,NEONTcarabid6084,3038406, ,carabid6084,"National Ecological Observatory Network, United States",BOLD:ACC4541,20,Arthropoda,82,Insecta,413,Coleoptera,948,Carabidae,286700,Scaritinae,24714,Scarites,544710,Scarites ocalensis,,,David Hoekman, ,leg,Robert Nelson,7/30/2012,A, ,S,Unresolved, ,28.047,-81.402,7, ,,United States,Florida,Polk County,Disney Wilderness Preserve,,,,4745370|4745465,http://trace.boldsystems.org/traceIO/bold.org/6592632|http://trace.boldsystems.org/traceIO/bold.org/6592727,2013-01-08 10:38:48|2013-01-08 18:18:24,Biodiversity Institute of Ontario|Biodiversity Institute of Ontario,F|R,C_LepFolF|C_LepFolR,COI-5P|COI-5P
NEONU1460-12,NEONTcarabid6082,3038404, ,carabid6082,"National Ecological Observatory Network, United States",BOLD:ACC4541,20,Arthropoda,82,Insecta,413,Coleoptera,948,Carabidae,286700,Scaritinae,24714,Scarites,544710,Scarites ocalensis,,,Michael Thomas, ,leg,Robert Nelson,8/20/2012,A, ,S, , ,28.047,-81.402,7, ,,United States,Florida,Polk County,Disney Wilderness Preserve,,,,4745368|4745463,http://trace.boldsystems.org/traceIO/bold.org/6592630|http://trace.boldsystems.org/traceIO/bold.org/6592725,2013-01-08 10:38:48|2013-01-08 18:18:24,Biodiversity Institute of Ontario|Biodiversity Institute of Ontario,F|R,C_LepFolF|C_LepFolR,COI-5P|COI-5P
NEONU1459-12,NEONTcarabid6081,3038403, ,carabid6081,"National Ecological Observatory Network, United States",BOLD:ACC4685,20,Arthropoda,82,Insecta,413,Coleoptera,948,Carabidae,286700,Scaritinae,24714,Scarites,544710,Scarites ocalensis,,,Michael Thomas, ,leg,Robert Nelson,8/6/2012,A, ,S, , ,28.047,-81.402,7, ,,United States,Florida,Polk County,Disney Wilderness Preserve,,,,4745367|4745462,http://trace.boldsystems.org/traceIO/bold.org/6592629|http://trace.boldsystems.org/traceIO/bold.org/6592724,2013-01-08 10:38:48|2013-01-08 18:18:24,Biodiversity Institute of Ontario|Biodiversity Institute of Ontario,F|R,C_LepFolF|C_LepFolR,COI-5P|COI-5P
,7176,,,,,,,,,,,,,,,,,,,Scarites subterraneus,,,,,,,8/13/2012,,,,,,,,6,,,,,,,,,,,,,,,,
,7175,,,,,,,,,,,,,,,,,,,Scarites subterraneus,,,,,,,8/13/2012,,,,,,,,6,,,,,,,,,,,,,,,,
,7174,,,,,,,,,,,,,,,,,,,Scarites subterraneus,,,,,,,7/30/2012,,,,,,,,6,,,,,,,,,,,,,,,,
,7173,,,,,,,,,,,,,,,,,,,Scarites subterraneus,,,,,,,8/20/2012,,,,,,,,2,,,,,,,,,,,,,,,,
,7172,,,,,,,,,,,,,,,,,,,Scarites subterraneus,,,,,,,8/13/2012,,,,,,,,2,,,,,,,,,,,,,,,,
,7171,,,,,,,,,,,,,,,,,,,Scarites subterraneus,,,,,,,7/23/2012,,,,,,,,6,,,,,,,,,,,,,,,,
,7170,,,,,,,,,,,,,,,,,,,Scarites subterraneus,,,,,,,7/23/2012,,,,,,,,7,,,,,,,,,,,,,,,,
,7169,,,,,,,,,,,,,,,,,,,Scarites subterraneus,,,,,,,8/20/2012,,,,,,,,7,,,,,,,,,,,,,,,,
,7168,,,,,,,,,,,,,,,,,,,Scarites subterraneus,,,,,,,7/16/2012,,,,,,,,7,,,,,,,,,,,,,,,,
,7167,,,,,,,,,,,,,,,,,,,Scarites subterraneus,,,,,,,7/23/2012,,,,,,,,10,,,,,,,,,,,,,,,,
,7166,,,,,,,,,,,,,,,,,,,Scarites subterraneus,,,,,,,8/13/2012,,,,,,,,7,,,,,,,,,,,,,,,,
,7165,,,,,,,,,,,,,,,,,,,Scarites subterraneus,,,,,,,7/23/2012,,,,,,,,2,,,,,,,,,,,,,,,,
,7164,,,,,,,,,,,,,,,,,,,Scarites subterraneus,,,,,,,7/16/2012,,,,,,,,7,,,,,,,,,,,,,,,,
,7163,,,,,,,,,,,,,,,,,,,Scarites subterraneus,,,,,,,7/16/2012,,,,,,,,7,,,,,,,,,,,,,,,,
NEONU1421-12,NEONTcarabid6108,3038365, ,carabid6108,"National Ecological Observatory Network, United States",BOLD:AAH0431,20,Arthropoda,82,Insecta,413,Coleoptera,948,Carabidae,2933,Harpalinae,171454,Selenophorus,544711,Selenophorus ellipticus,,,David Hoekman, ,leg,Robert Nelson,8/20/2012,A, ,S,DNA ID, ,28.125,-81.433,1, ,,United States,Florida,Osceola County,Disney Wilderness Preserve,,,,4744898|4744993,http://trace.boldsystems.org/traceIO/bold.org/6592160|http://trace.boldsystems.org/traceIO/bold.org/6592255,2013-01-08 19:50:45|2013-01-08 21:22:43,Biodiversity Institute of Ontario|Biodiversity Institute of Ontario,F|R,C_LepFolF|C_LepFolR,COI-5P|COI-5P
NEONU1384-12,NEONTcarabid6105,3038328, ,carabid6105,"National Ecological Observatory Network, United States",BOLD:AAH0431,20,Arthropoda,82,Insecta,413,Coleoptera,948,Carabidae,2933,Harpalinae,171454,Selenophorus,544711,Selenophorus ellipticus,,,David Hoekman, ,leg,Robert Nelson,7/30/2012,A, ,S,DNA ID, ,28.125,-81.433,1, ,,United States,Florida,Osceola County,Disney Wilderness Preserve,,,,4744861|4744956,http://trace.boldsystems.org/traceIO/bold.org/6592123|http://trace.boldsystems.org/traceIO/bold.org/6592218,2013-01-08 19:50:45|2013-01-08 21:22:43,Biodiversity Institute of Ontario|Biodiversity Institute of Ontario,F|R,C_LepFolF|C_LepFolR,COI-5P|COI-5P
NEONU1391-12,NEONTcarabid6114,3038335, ,carabid6114,"National Ecological Observatory Network, United States",BOLD:ACC4559,20,Arthropoda,82,Insecta,413,Coleoptera,948,Carabidae,2933,Harpalinae,171454,Selenophorus,544711,Selenophorus ellipticus,,,David Hoekman, ,leg,Robert Nelson,8/20/2012,A, ,S,DNA ID, ,28.125,-81.433,1, ,,United States,Florida,Osceola County,Disney Wilderness Preserve,,,,4744868|4744963,http://trace.boldsystems.org/traceIO/bold.org/6592130|http://trace.boldsystems.org/traceIO/bold.org/6592225,2013-01-08 19:50:45|2013-01-08 21:22:43,Biodiversity Institute of Ontario|Biodiversity Institute of Ontario,F|R,C_LepFolF|C_LepFolR,COI-5P|COI-5P
NEONU1385-12,NEONTcarabid6106,3038329, ,carabid6106,"National Ecological Observatory Network, United States",BOLD:AAH0431,20,Arthropoda,82,Insecta,413,Coleoptera,948,Carabidae,2933,Harpalinae,171454,Selenophorus,544711,Selenophorus ellipticus,,,David Hoekman, ,leg,Robert Nelson,7/16/2012,A, ,S,DNA ID, ,28.044,-81.422,4, ,,United States,Florida,Polk County,Disney Wilderness Preserve,,,,4744862|4744957,http://trace.boldsystems.org/traceIO/bold.org/6592124|http://trace.boldsystems.org/traceIO/bold.org/6592219,2013-01-08 19:50:45|2013-01-08 21:22:43,Biodiversity Institute of Ontario|Biodiversity Institute of Ontario,F|R,C_LepFolF|C_LepFolR,COI-5P|COI-5P
NEONU1386-12,NEONTcarabid6107,3038330, ,carabid6107,"National Ecological Observatory Network, United States",BOLD:AAH0431,20,Arthropoda,82,Insecta,413,Coleoptera,948,Carabidae,2933,Harpalinae,171454,Selenophorus,544711,Selenophorus ellipticus,,,David Hoekman, ,leg,Robert Nelson,8/13/2012,A, ,S,DNA ID, ,28.044,-81.422,4, ,,United States,Florida,Polk County,Disney Wilderness Preserve,,,,4744958,http://trace.boldsystems.org/traceIO/bold.org/6592220,1/8/2013 21:22,Biodiversity Institute of Ontario,R,C_LepFolR,COI-5P
NEONU1383-12,NEONTcarabid6104,3038327, ,carabid6104,"National Ecological Observatory Network, United States",BOLD:AAH0431,20,Arthropoda,82,Insecta,413,Coleoptera,948,Carabidae,2933,Harpalinae,171454,Selenophorus,544711,Selenophorus ellipticus,,,David Hoekman, ,leg,Robert Nelson,7/30/2012,A, ,S,DNA ID, ,28.047,-81.402,7, ,,United States,Florida,Polk County,Disney Wilderness Preserve,,,,4744860|4744955,http://trace.boldsystems.org/traceIO/bold.org/6592122|http://trace.boldsystems.org/traceIO/bold.org/6592217,2013-01-08 19:50:45|2013-01-08 21:22:43,Biodiversity Institute of Ontario|Biodiversity Institute of Ontario,F|R,C_LepFolF|C_LepFolR,COI-5P|COI-5P
NEONU1401-12,NEONTcarabid6128,3038345, ,carabid6128,"National Ecological Observatory Network, United States",BOLD:ACC4559,20,Arthropoda,82,Insecta,413,Coleoptera,948,Carabidae,2933,Harpalinae,171454,Selenophorus,544712,Selenophorus fossulatus,,,Michael Thomas, ,leg,Robert Nelson,8/20/2012,A, ,S, , ,28.125,-81.433,1, ,,United States,Florida,Osceola County,Disney Wilderness Preserve,,,,4744878|4744973,http://trace.boldsystems.org/traceIO/bold.org/6592140|http://trace.boldsystems.org/traceIO/bold.org/6592235,2013-01-08 19:50:45|2013-01-08 21:22:43,Biodiversity Institute of Ontario|Biodiversity Institute of Ontario,F|R,C_LepFolF|C_LepFolR,COI-5P|COI-5P
NEONU1402-12,NEONTcarabid6129,3038346, ,carabid6129,"National Ecological Observatory Network, United States",BOLD:ACC4559,20,Arthropoda,82,Insecta,413,Coleoptera,948,Carabidae,2933,Harpalinae,171454,Selenophorus,544712,Selenophorus fossulatus,,,Michael Thomas, ,leg,Robert Nelson,8/20/2012,A, ,S, , ,28.125,-81.433,1, ,,United States,Florida,Osceola County,Disney Wilderness Preserve,,,,4744879|4744974,http://trace.boldsystems.org/traceIO/bold.org/6592141|http://trace.boldsystems.org/traceIO/bold.org/6592236,2013-01-08 19:50:45|2013-01-08 21:22:43,Biodiversity Institute of Ontario|Biodiversity Institute of Ontario,F|R,C_LepFolF|C_LepFolR,COI-5P|COI-5P
NEONU1425-12,NEONTcarabid6134,3038369, ,carabid6134,"National Ecological Observatory Network, United States",BOLD:ACC4559,20,Arthropoda,82,Insecta,413,Coleoptera,948,Carabidae,2933,Harpalinae,171454,Selenophorus,544712,Selenophorus fossulatus,,,Michael Thomas, ,leg,Robert Nelson,7/23/2012,A, ,S, , ,28.125,-81.433,1, ,,United States,Florida,Osceola County,Disney Wilderness Preserve,,,,4744902|4744997,http://trace.boldsystems.org/traceIO/bold.org/6592164|http://trace.boldsystems.org/traceIO/bold.org/6592259,2013-01-08 19:50:45|2013-01-08 21:22:43,Biodiversity Institute of Ontario|Biodiversity Institute of Ontario,F|R,C_LepFolF|C_LepFolR,COI-5P|COI-5P
NEONU1400-12,NEONTcarabid6127,3038344, ,carabid6127,"National Ecological Observatory Network, United States",BOLD:ACC4559,20,Arthropoda,82,Insecta,413,Coleoptera,948,Carabidae,2933,Harpalinae,171454,Selenophorus,544712,Selenophorus fossulatus,,,Michael Thomas, ,leg,Robert Nelson,7/30/2012,A, ,S, , ,28.125,-81.433,1, ,,United States,Florida,Osceola County,Disney Wilderness Preserve,,,,4770129|4770135|4770141|4770147,http://trace.boldsystems.org/traceIO/bold.org/6617391|http://trace.boldsystems.org/traceIO/bold.org/6617397|http://trace.boldsystems.org/traceIO/bold.org/6617403|http://trace.boldsystems.org/traceIO/bold.org/6617409,2013-01-17 20:50:09|2013-01-17 22:22:03|2013-01-18 01:31:43|2013-01-18 03:02:40,Biodiversity Institute of Ontario|Biodiversity Institute of Ontario|Biodiversity Institute of Ontario|Biodiversity Institute of Ontario,R|F|R|F,C_LepFolR|MLepF1|MLepR2|C_LepFolF,COI-5P|COI-5P|COI-5P|COI-5P
NEONU1399-12,NEONTcarabid6126,3038343, ,carabid6126,"National Ecological Observatory Network, United States", ,20,Arthropoda,82,Insecta,413,Coleoptera,948,Carabidae,2933,Harpalinae,171454,Selenophorus,544712,Selenophorus fossulatus,,,Michael Thomas, ,leg,Robert Nelson,7/23/2012,A, ,S,Contaminant, ,28.125,-81.433,1, ,,United States,Florida,Osceola County,Disney Wilderness Preserve,,,,4744876|4744971,http://trace.boldsystems.org/traceIO/bold.org/6592138|http://trace.boldsystems.org/traceIO/bold.org/6592233,2013-01-08 19:50:45|2013-01-08 21:22:43,Biodiversity Institute of Ontario|Biodiversity Institute of Ontario,F|R,C_LepFolF|C_LepFolR,COI-5P|COI-5P
NEONU1406-12,NEONTcarabid6133,3038350, ,carabid6133,"National Ecological Observatory Network, United States",BOLD:ACC4559,20,Arthropoda,82,Insecta,413,Coleoptera,948,Carabidae,2933,Harpalinae,171454,Selenophorus,544712,Selenophorus fossulatus,,,Michael Thomas, ,leg,Robert Nelson,7/23/2012,A, ,S, , ,28.125,-81.433,1, ,,United States,Florida,Osceola County,Disney Wilderness Preserve,,,,4744883|4744978,http://trace.boldsystems.org/traceIO/bold.org/6592145|http://trace.boldsystems.org/traceIO/bold.org/6592240,2013-01-08 19:50:45|2013-01-08 21:22:43,Biodiversity Institute of Ontario|Biodiversity Institute of Ontario,F|R,C_LepFolF|C_LepFolR,COI-5P|COI-5P
NEONU1403-12,NEONTcarabid6130,3038347, ,carabid6130,"National Ecological Observatory Network, United States",BOLD:ACC4559,20,Arthropoda,82,Insecta,413,Coleoptera,948,Carabidae,2933,Harpalinae,171454,Selenophorus,544712,Selenophorus fossulatus,,,Michael Thomas, ,leg,Robert Nelson,7/16/2012,A, ,S, , ,28.125,-81.433,1, ,,United States,Florida,Osceola County,Disney Wilderness Preserve,,,,4744880|4744975,http://trace.boldsystems.org/traceIO/bold.org/6592142|http://trace.boldsystems.org/traceIO/bold.org/6592237,2013-01-08 19:50:45|2013-01-08 21:22:43,Biodiversity Institute of Ontario|Biodiversity Institute of Ontario,F|R,C_LepFolF|C_LepFolR,COI-5P|COI-5P
NEONU1405-12,NEONTcarabid6132,3038349, ,carabid6132,"National Ecological Observatory Network, United States",BOLD:ACC4559,20,Arthropoda,82,Insecta,413,Coleoptera,948,Carabidae,2933,Harpalinae,171454,Selenophorus,544712,Selenophorus fossulatus,,,Michael Thomas, ,leg,Robert Nelson,7/16/2012,A, ,S, , ,28.125,-81.433,1, ,,United States,Florida,Osceola County,Disney Wilderness Preserve,,,,4744882|4744977,http://trace.boldsystems.org/traceIO/bold.org/6592144|http://trace.boldsystems.org/traceIO/bold.org/6592239,2013-01-08 19:50:45|2013-01-08 21:22:43,Biodiversity Institute of Ontario|Biodiversity Institute of Ontario,F|R,C_LepFolF|C_LepFolR,COI-5P|COI-5P
NEONU1404-12,NEONTcarabid6131,3038348, ,carabid6131,"National Ecological Observatory Network, United States",BOLD:ACC4559,20,Arthropoda,82,Insecta,413,Coleoptera,948,Carabidae,2933,Harpalinae,171454,Selenophorus,544712,Selenophorus fossulatus,,,Michael Thomas, ,leg,Robert Nelson,7/16/2012,A, ,S, , ,28.125,-81.433,1, ,,United States,Florida,Osceola County,Disney Wilderness Preserve,,,,4744881|4744976,http://trace.boldsystems.org/traceIO/bold.org/6592143|http://trace.boldsystems.org/traceIO/bold.org/6592238,2013-01-08 19:50:45|2013-01-08 21:22:43,Biodiversity Institute of Ontario|Biodiversity Institute of Ontario,F|R,C_LepFolF|C_LepFolR,COI-5P|COI-5P
NEONU1423-12,NEONTcarabid6124,3038367, ,carabid6124,"National Ecological Observatory Network, United States",BOLD:ACC4559,20,Arthropoda,82,Insecta,413,Coleoptera,948,Carabidae,2933,Harpalinae,171454,Selenophorus,544712,Selenophorus fossulatus,,,Michael Thomas, ,leg,Robert Nelson,7/30/2012,A, ,S, , ,28.125,-81.433,1, ,,United States,Florida,Osceola County,Disney Wilderness Preserve,,,,4744900|4744995,http://trace.boldsystems.org/traceIO/bold.org/6592162|http://trace.boldsystems.org/traceIO/bold.org/6592257,2013-01-08 19:50:45|2013-01-08 21:22:43,Biodiversity Institute of Ontario|Biodiversity Institute of Ontario,F|R,C_LepFolF|C_LepFolR,COI-5P|COI-5P
NEONU1394-12,NEONTcarabid6118,3038338, ,carabid6118,"National Ecological Observatory Network, United States",BOLD:ACC4581,20,Arthropoda,82,Insecta,413,Coleoptera,948,Carabidae,286700,Scaritinae,378358,Semiardistomis,378359,Semiardistomis puncticollis,,,Michael Thomas, ,leg,Robert Nelson,7/30/2012,A, ,S, , ,28.044,-81.422,4, ,,United States,Florida,Polk County,Disney Wilderness Preserve,,,,4744871|4744966,http://trace.boldsystems.org/traceIO/bold.org/6592133|http://trace.boldsystems.org/traceIO/bold.org/6592228,2013-01-08 19:50:45|2013-01-08 21:22:43,Biodiversity Institute of Ontario|Biodiversity Institute of Ontario,F|R,C_LepFolF|C_LepFolR,COI-5P|COI-5P
NEONU1393-12,NEONTcarabid6117,3038337, ,carabid6117,"National Ecological Observatory Network, United States",BOLD:ACC4581,20,Arthropoda,82,Insecta,413,Coleoptera,948,Carabidae,286700,Scaritinae,378358,Semiardistomis,378359,Semiardistomis puncticollis,,,Michael Thomas, ,leg,Robert Nelson,7/23/2012,A, ,S, , ,28.044,-81.422,4, ,,United States,Florida,Polk County,Disney Wilderness Preserve,,,,4744870|4744965,http://trace.boldsystems.org/traceIO/bold.org/6592132|http://trace.boldsystems.org/traceIO/bold.org/6592227,2013-01-08 19:50:45|2013-01-08 21:22:43,Biodiversity Institute of Ontario|Biodiversity Institute of Ontario,F|R,C_LepFolF|C_LepFolR,COI-5P|COI-5P
NEONU1371-12,NEONTcarabid6044,3038315, ,carabid6044,"National Ecological Observatory Network, United States",BOLD:ABV4110,20,Arthropoda,82,Insecta,413,Coleoptera,948,Carabidae,2933,Harpalinae,379618,Tetragonoderus,453024,Tetragonoderus intersectus,,,Michael Thomas, ,leg,Robert Nelson,7/23/2012,A, ,S, , ,28.125,-81.433,1, ,,United States,Florida,Osceola County,Disney Wilderness Preserve,,,,4744848|4744943,http://trace.boldsystems.org/traceIO/bold.org/6592110|http://trace.boldsystems.org/traceIO/bold.org/6592205,2013-01-08 19:50:45|2013-01-08 21:22:43,Biodiversity Institute of Ontario|Biodiversity Institute of Ontario,F|R,C_LepFolF|C_LepFolR,COI-5P|COI-5P
NEONU1418-12,NEONTcarabid6042,3038362, ,carabid6042,"National Ecological Observatory Network, United States",BOLD:ABV4110,20,Arthropoda,82,Insecta,413,Coleoptera,948,Carabidae,2933,Harpalinae,379618,Tetragonoderus,453024,Tetragonoderus intersectus,,,Michael Thomas, ,leg,Robert Nelson,8/6/2012,A, ,S, , ,28.125,-81.433,1, ,,United States,Florida,Osceola County,Disney Wilderness Preserve,,,,4744990|4744895,http://trace.boldsystems.org/traceIO/bold.org/6592252|http://trace.boldsystems.org/traceIO/bold.org/6592157,2013-01-08 21:22:43|2013-01-08 19:50:45,Biodiversity Institute of Ontario|Biodiversity Institute of Ontario,R|F,C_LepFolR|C_LepFolF,COI-5P|COI-5P
NEONU1376-12,NEONTcarabid6096,3038320, ,carabid6096,"National Ecological Observatory Network, United States",BOLD:ABV4110,20,Arthropoda,82,Insecta,413,Coleoptera,948,Carabidae,2933,Harpalinae,379618,Tetragonoderus,453024,Tetragonoderus intersectus,,,Michael Thomas, ,leg,Robert Nelson,7/23/2012,A, ,S, , ,28.125,-81.433,1, ,,United States,Florida,Osceola County,Disney Wilderness Preserve,,,,4744853|4744948,http://trace.boldsystems.org/traceIO/bold.org/6592115|http://trace.boldsystems.org/traceIO/bold.org/6592210,2013-01-08 19:50:45|2013-01-08 21:22:43,Biodiversity Institute of Ontario|Biodiversity Institute of Ontario,F|R,C_LepFolF|C_LepFolR,COI-5P|COI-5P
NEONU1370-12,NEONTcarabid6040,3038314, ,carabid6040,"National Ecological Observatory Network, United States",BOLD:ABV4110,20,Arthropoda,82,Insecta,413,Coleoptera,948,Carabidae,2933,Harpalinae,379618,Tetragonoderus,453024,Tetragonoderus intersectus,,,Michael Thomas, ,leg,Robert Nelson,8/20/2012,A, ,S, , ,28.125,-81.433,1, ,,United States,Florida,Osceola County,Disney Wilderness Preserve,,,,4744847|4744942,http://trace.boldsystems.org/traceIO/bold.org/6592109|http://trace.boldsystems.org/traceIO/bold.org/6592204,2013-01-08 19:50:45|2013-01-08 21:22:43,Biodiversity Institute of Ontario|Biodiversity Institute of Ontario,F|R,C_LepFolF|C_LepFolR,COI-5P|COI-5P
NEONU1372-12,NEONTcarabid6045,3038316, ,carabid6045,"National Ecological Observatory Network, United States",BOLD:ABV4110,20,Arthropoda,82,Insecta,413,Coleoptera,948,Carabidae,2933,Harpalinae,379618,Tetragonoderus,453024,Tetragonoderus intersectus,,,Michael Thomas, ,leg,Robert Nelson,7/23/2012,A, ,S, , ,28.125,-81.433,1, ,,United States,Florida,Osceola County,Disney Wilderness Preserve,,,,4744849|4744944,http://trace.boldsystems.org/traceIO/bold.org/6592111|http://trace.boldsystems.org/traceIO/bold.org/6592206,2013-01-08 19:50:45|2013-01-08 21:22:43,Biodiversity Institute of Ontario|Biodiversity Institute of Ontario,F|R,C_LepFolF|C_LepFolR,COI-5P|COI-5P
NEONU1419-12,NEONTcarabid6043,3038363, ,carabid6043,"National Ecological Observatory Network, United States",BOLD:ABV4110,20,Arthropoda,82,Insecta,413,Coleoptera,948,Carabidae,2933,Harpalinae,379618,Tetragonoderus,453024,Tetragonoderus intersectus,,,Michael Thomas, ,leg,Robert Nelson,8/6/2012,A, ,S, , ,28.125,-81.433,1, ,,United States,Florida,Osceola County,Disney Wilderness Preserve,,,,4744896|4744991,http://trace.boldsystems.org/traceIO/bold.org/6592158|http://trace.boldsystems.org/traceIO/bold.org/6592253,2013-01-08 19:50:45|2013-01-08 21:22:43,Biodiversity Institute of Ontario|Biodiversity Institute of Ontario,F|R,C_LepFolF|C_LepFolR,COI-5P|COI-5P
NEONU1375-12,NEONTcarabid6095,3038319, ,carabid6095,"National Ecological Observatory Network, United States",BOLD:ABV4110,20,Arthropoda,82,Insecta,413,Coleoptera,948,Carabidae,2933,Harpalinae,379618,Tetragonoderus,453024,Tetragonoderus intersectus,,,Michael Thomas, ,leg,Robert Nelson,7/23/2012,A, ,S, , ,28.064,-81.418,5, ,,United States,Florida,Polk County,Disney Wilderness Preserve,,,,4744852|4744947,http://trace.boldsystems.org/traceIO/bold.org/6592114|http://trace.boldsystems.org/traceIO/bold.org/6592209,2013-01-08 19:50:45|2013-01-08 21:22:43,Biodiversity Institute of Ontario|Biodiversity Institute of Ontario,F|R,C_LepFolF|C_LepFolR,COI-5P|COI-5P
NEONU1476-12,NEONTcarabid6041,3038420, ,carabid6041,"National Ecological Observatory Network, United States",BOLD:ABV4110,20,Arthropoda,82,Insecta,413,Coleoptera,948,Carabidae,2933,Harpalinae,379618,Tetragonoderus,453024,Tetragonoderus intersectus,,,Michael Thomas, ,leg,Robert Nelson,7/16/2012,A, ,S, , ,28.064,-81.418,5, ,,United States,Florida,Polk County,Disney Wilderness Preserve,,,,4745384|4745479,http://trace.boldsystems.org/traceIO/bold.org/6592646|http://trace.boldsystems.org/traceIO/bold.org/6592741,2013-01-08 10:38:48|2013-01-08 18:18:24,Biodiversity Institute of Ontario|Biodiversity Institute of Ontario,F|R,C_LepFolF|C_LepFolR,COI-5P|COI-5P
NEONU1373-12,NEONTcarabid6046,3038317, ,carabid6046,"National Ecological Observatory Network, United States",BOLD:ABV4110,20,Arthropoda,82,Insecta,413,Coleoptera,948,Carabidae,2933,Harpalinae,379618,Tetragonoderus,453024,Tetragonoderus intersectus,,,Michael Thomas, ,leg,Robert Nelson,7/23/2012,A, ,S, , ,28.064,-81.418,5, ,,United States,Florida,Polk County,Disney Wilderness Preserve,,,,4744850|4744945,http://trace.boldsystems.org/traceIO/bold.org/6592112|http://trace.boldsystems.org/traceIO/bold.org/6592207,2013-01-08 19:50:45|2013-01-08 21:22:43,Biodiversity Institute of Ontario|Biodiversity Institute of Ontario,F|R,C_LepFolF|C_LepFolR,COI-5P|COI-5P
NEONU1374-12,NEONTcarabid6094,3038318, ,carabid6094,"National Ecological Observatory Network, United States",BOLD:ABV4110,20,Arthropoda,82,Insecta,413,Coleoptera,948,Carabidae,2933,Harpalinae,379618,Tetragonoderus,453024,Tetragonoderus intersectus,,,Michael Thomas, ,leg,Robert Nelson,7/16/2012,A, ,S, , ,28.064,-81.418,5, ,,United States,Florida,Polk County,Disney Wilderness Preserve,,,,4744851|4744946,http://trace.boldsystems.org/traceIO/bold.org/6592113|http://trace.boldsystems.org/traceIO/bold.org/6592208,2013-01-08 19:50:45|2013-01-08 21:22:43,Biodiversity Institute of Ontario|Biodiversity Institute of Ontario,F|R,C_LepFolF|C_LepFolR,COI-5P|COI-5P
NEONU1377-12,NEONTcarabid6097,3038321, ,carabid6097,"National Ecological Observatory Network, United States",BOLD:ABX4019,20,Arthropoda,82,Insecta,413,Coleoptera,948,Carabidae,2933,Harpalinae,379618,Tetragonoderus,544713,Tetragonoderus laevigatus,,,Michael Thomas, ,leg,Robert Nelson,8/20/2012,A, ,S, , ,28.125,-81.433,1, ,,United States,Florida,Osceola County,Disney Wilderness Preserve,,,,4744854|4744949,http://trace.boldsystems.org/traceIO/bold.org/6592116|http://trace.boldsystems.org/traceIO/bold.org/6592211,2013-01-08 19:50:45|2013-01-08 21:22:43,Biodiversity Institute of Ontario|Biodiversity Institute of Ontario,F|R,C_LepFolF|C_LepFolR,COI-5P|COI-5P
NEONU1420-12,NEONTcarabid6100,3038364, ,carabid6100,"National Ecological Observatory Network, United States",BOLD:ABX4019,20,Arthropoda,82,Insecta,413,Coleoptera,948,Carabidae,2933,Harpalinae,379618,Tetragonoderus,544713,Tetragonoderus laevigatus,,,Michael Thomas, ,leg,Robert Nelson,8/6/2012,A, ,S, , ,28.125,-81.433,1, ,,United States,Florida,Osceola County,Disney Wilderness Preserve,,,,4744897|4744992,http://trace.boldsystems.org/traceIO/bold.org/6592159|http://trace.boldsystems.org/traceIO/bold.org/6592254,2013-01-08 19:50:45|2013-01-08 21:22:43,Biodiversity Institute of Ontario|Biodiversity Institute of Ontario,F|R,C_LepFolF|C_LepFolR,COI-5P|COI-5P
NEONU1380-12,NEONTcarabid6101,3038324, ,carabid6101,"National Ecological Observatory Network, United States",BOLD:ABX4019,20,Arthropoda,82,Insecta,413,Coleoptera,948,Carabidae,2933,Harpalinae,379618,Tetragonoderus,544713,Tetragonoderus laevigatus,,,Michael Thomas, ,leg,Robert Nelson,8/6/2012,A, ,S, , ,28.125,-81.433,1, ,,United States,Florida,Osceola County,Disney Wilderness Preserve,,,,4744857|4744952,http://trace.boldsystems.org/traceIO/bold.org/6592119|http://trace.boldsystems.org/traceIO/bold.org/6592214,2013-01-08 19:50:45|2013-01-08 21:22:43,Biodiversity Institute of Ontario|Biodiversity Institute of Ontario,F|R,C_LepFolF|C_LepFolR,COI-5P|COI-5P
NEONU1381-12,NEONTcarabid6102,3038325, ,carabid6102,"National Ecological Observatory Network, United States",BOLD:ABX4019,20,Arthropoda,82,Insecta,413,Coleoptera,948,Carabidae,2933,Harpalinae,379618,Tetragonoderus,544713,Tetragonoderus laevigatus,,,Michael Thomas, ,leg,Robert Nelson,8/13/2012,A, ,S, , ,28.125,-81.433,1, ,,United States,Florida,Osceola County,Disney Wilderness Preserve,,,,4744858|4744953,http://trace.boldsystems.org/traceIO/bold.org/6592120|http://trace.boldsystems.org/traceIO/bold.org/6592215,2013-01-08 19:50:45|2013-01-08 21:22:43,Biodiversity Institute of Ontario|Biodiversity Institute of Ontario,F|R,C_LepFolF|C_LepFolR,COI-5P|COI-5P
NEONU1382-12,NEONTcarabid6103,3038326, ,carabid6103,"National Ecological Observatory Network, United States", ,20,Arthropoda,82,Insecta,413,Coleoptera,948,Carabidae,2933,Harpalinae,379618,Tetragonoderus,544713,Tetragonoderus laevigatus,,,Michael Thomas, ,leg,Robert Nelson,8/20/2012,A, ,S,Contaminant, ,28.125,-81.433,1, ,,United States,Florida,Osceola County,Disney Wilderness Preserve,,,,4744859|4744954,http://trace.boldsystems.org/traceIO/bold.org/6592121|http://trace.boldsystems.org/traceIO/bold.org/6592216,2013-01-08 19:50:45|2013-01-08 21:22:43,Biodiversity Institute of Ontario|Biodiversity Institute of Ontario,F|R,C_LepFolF|C_LepFolR,COI-5P|COI-5P
NEONU1378-12,NEONTcarabid6098,3038322, ,carabid6098,"National Ecological Observatory Network, United States",BOLD:ABX4019,20,Arthropoda,82,Insecta,413,Coleoptera,948,Carabidae,2933,Harpalinae,379618,Tetragonoderus,544713,Tetragonoderus laevigatus,,,Michael Thomas, ,leg,Robert Nelson,8/20/2012,A, ,S, , ,28.125,-81.433,1, ,,United States,Florida,Osceola County,Disney Wilderness Preserve,,,,4744855|4744950,http://trace.boldsystems.org/traceIO/bold.org/6592117|http://trace.boldsystems.org/traceIO/bold.org/6592212,2013-01-08 19:50:45|2013-01-08 21:22:43,Biodiversity Institute of Ontario|Biodiversity Institute of Ontario,F|R,C_LepFolF|C_LepFolR,COI-5P|COI-5P
NEONU1379-12,NEONTcarabid6099,3038323, ,carabid6099,"National Ecological Observatory Network, United States",BOLD:ABX4019,20,Arthropoda,82,Insecta,413,Coleoptera,948,Carabidae,2933,Harpalinae,379618,Tetragonoderus,544713,Tetragonoderus laevigatus,,,Michael Thomas, ,leg,Robert Nelson,8/20/2012,A, ,S, , ,28.125,-81.433,1, ,,United States,Florida,Osceola County,Disney Wilderness Preserve,,,,4744856|4744951,http://trace.boldsystems.org/traceIO/bold.org/6592118|http://trace.boldsystems.org/traceIO/bold.org/6592213,2013-01-08 19:50:45|2013-01-08 21:22:43,Biodiversity Institute of Ontario|Biodiversity Institute of Ontario,F|R,C_LepFolF|C_LepFolR,COI-5P|COI-5P
,7312,,,,,,,,,,,,,,,,,,,,Unknown,D03.2012.MorphDC,,,,,8/20/2012,,,,,,,,1,,,,,,,,,,,,,,,,
,7311,,,,,,,,,,,,,,,,,,,,Unknown,D03.2012.MorphDC,,,,,8/20/2012,,,,,,,,1,,,,,,,,,,,,,,,,
,7310,,,,,,,,,,,,,,,,,,,,Unknown,D03.2012.MorphDC,,,,,8/20/2012,,,,,,,,1,,,,,,,,,,,,,,,,
,7309,,,,,,,,,,,,,,,,,,,,Unknown,D03.2012.MorphDC,,,,,8/13/2012,,,,,,,,1,,,,,,,,,,,,,,,,
,7308,,,,,,,,,,,,,,,,,,,,Unknown,D03.2012.MorphDC,,,,,8/13/2012,,,,,,,,1,,,,,,,,,,,,,,,,
,7307,,,,,,,,,,,,,,,,,,,,Unknown,D03.2012.MorphDC,,,,,8/6/2012,,,,,,,,1,,,,,,,,,,,,,,,,
,7306,,,,,,,,,,,,,,,,,,,,Unknown,D03.2012.MorphDC,,,,,8/6/2012,,,,,,,,1,,,,,,,,,,,,,,,,
,7305,,,,,,,,,,,,,,,,,,,,Unknown,D03.2012.MorphDC,,,,,8/6/2012,,,,,,,,1,,,,,,,,,,,,,,,,
,7304,,,,,,,,,,,,,,,,,,,,Unknown,D03.2012.MorphDC,,,,,7/30/2012,,,,,,,,1,,,,,,,,,,,,,,,,
,7303,,,,,,,,,,,,,,,,,,,,Unknown,D03.2012.MorphDC,,,,,7/23/2012,,,,,,,,4,,,,,,,,,,,,,,,,
,7302,,,,,,,,,,,,,,,,,,,,Unknown,D03.2012.MorphDC,,,,,7/23/2012,,,,,,,,1,,,,,,,,,,,,,,,,
,7185,,,,,,,,,,,,,,,,,,,,Unknown,D03.2012.MorphDE,,,,,8/20/2012,,,,,,,,4,,,,,,,,,,,,,,,,
,7184,,,,,,,,,,,,,,,,,,,,Unknown,D03.2012.MorphDE,,,,,8/13/2012,,,,,,,,4,,,,,,,,,,,,,,,,
,7183,,,,,,,,,,,,,,,,,,,,Unknown,D03.2012.MorphDE,,,,,7/23/2012,,,,,,,,4,,,,,,,,,,,,,,,,
,7182,,,,,,,,,,,,,,,,,,,,Unknown,D03.2012.MorphDE,,,,,8/6/2012,,,,,,,,4,,,,,,,,,,,,,,,,
,7181,,,,,,,,,,,,,,,,,,,,Unknown,D03.2012.MorphDE,,,,,8/20/2012,,,,,,,,4,,,,,,,,,,,,,,,,
,7180,,,,,,,,,,,,,,,,,,,,Unknown,D03.2012.MorphDE,,,,,8/6/2012,,,,,,,,4,,,,,,,,,,,,,,,,
,7179,,,,,,,,,,,,,,,,,,,,Unknown,D03.2012.MorphDE,,,,,8/6/2012,,,,,,,,4,,,,,,,,,,,,,,,,
,7178,,,,,,,,,,,,,,,,,,,,Unknown,D03.2012.MorphDE,,,,,7/30/2012,,,,,,,,4,,,,,,,,,,,,,,,,
,7177,,,,,,,,,,,,,,,,,,,,Unknown,D03.2012.MorphDE,,,,,7/16/2012,,,,,,,,4,,,,,,,,,,,,,,,,
