processid,BOLDID,recordID,catalognum,fieldnum,institution_storing,bin_uri,phylum_taxID,phylum_name,class_taxID,class_name,order_taxID,order_name,family_taxID,family_name,subfamily_taxID,subfamily_name,genus_taxID,genus_name,species_taxID,name,identification_provided_by,voucher_type,tissue_type,collectors,date,lifestage,sex,reproduction,extrainfo,notes,Lat,Long,trapID,coord_source,coord_accuracy,country,province,region,exactsite,image_ids,image_urls,copyright_licenses,trace_ids,trace_links,run_dates,sequencing_centers,directions,seq_primers,marker_codes
NEONU1481-12,NEONTculicid6239,3038425, ,culicid6239,"National Ecological Observatory Network, United States", ,20,Arthropoda,82,Insecta,127,Diptera,1730,Culicidae,2142,Culicinae,6438,Aedes,22801,Aedes triseriatus,Hilda Lynn, ,leg,Robert Nelson,7/26/2012,A, ,S, , ,29.697,-82.026,1, ,,United States,Florida,Putnam County,Ordway-Swisher Biological Station,,,,4767925|4767926,http://trace.boldsystems.org/traceIO/bold.org/6615187|http://trace.boldsystems.org/traceIO/bold.org/6615188,2013-01-17 20:50:09|2013-01-17 22:22:03,Biodiversity Institute of Ontario|Biodiversity Institute of Ontario,R|F,C_LepFolR|MLepF1,COI-5P|COI-5P
NEONU1500-12,NEONTculicid6258,3038444, ,culicid6258,"National Ecological Observatory Network, United States",BOLD:ACC4605,20,Arthropoda,82,Insecta,127,Diptera,1730,Culicidae,2142,Culicinae,6438,Aedes,510726,Aedes fulvus pallens,Hilda Lynn, ,leg,Robert Nelson,7/25/2012,A, ,S, , ,29.697,-82.026,1, ,,United States,Florida,Putnam County,Ordway-Swisher Biological Station,,,,4745408|4745503,http://trace.boldsystems.org/traceIO/bold.org/6592670|http://trace.boldsystems.org/traceIO/bold.org/6592765,2013-01-08 10:38:48|2013-01-08 18:18:24,Biodiversity Institute of Ontario|Biodiversity Institute of Ontario,F|R,C_LepFolF|C_LepFolR,COI-5P|COI-5P
NEONU1606-12,NEONTculicid6416,3038550, ,culicid6416,"National Ecological Observatory Network, United States",BOLD:ACC4707,20,Arthropoda,82,Insecta,127,Diptera,1730,Culicidae,2142,Culicinae,101388,Psorophora,281661,Psorophora ferox,Hilda Lynn, ,leg,Robert Nelson,7/25/2012,A, ,S, , ,29.697,-82.026,1, ,,United States,Florida,Putnam County,Ordway-Swisher Biological Station,,,,4745083|4745176,http://trace.boldsystems.org/traceIO/bold.org/6592345|http://trace.boldsystems.org/traceIO/bold.org/6592438,2013-01-09 02:58:53|2013-01-09 04:30:19,Biodiversity Institute of Ontario|Biodiversity Institute of Ontario,F|R,C_LepFolF|C_LepFolR,COI-5P|COI-5P
NEONU1499-12,NEONTculicid6257,3038443, ,culicid6257,"National Ecological Observatory Network, United States",BOLD:ACC4605,20,Arthropoda,82,Insecta,127,Diptera,1730,Culicidae,2142,Culicinae,6438,Aedes,510726,Aedes fulvus pallens,Hilda Lynn, ,leg,Robert Nelson,7/25/2012,A, ,S, , ,29.697,-82.026,1, ,,United States,Florida,Putnam County,Ordway-Swisher Biological Station,,,,4745407|4745502,http://trace.boldsystems.org/traceIO/bold.org/6592669|http://trace.boldsystems.org/traceIO/bold.org/6592764,2013-01-08 10:38:48|2013-01-08 18:18:24,Biodiversity Institute of Ontario|Biodiversity Institute of Ontario,F|R,C_LepFolF|C_LepFolR,COI-5P|COI-5P
NEONU1599-12,NEONTculicid6385,3038543, ,culicid6385,"National Ecological Observatory Network, United States",BOLD:ACC4707,20,Arthropoda,82,Insecta,127,Diptera,1730,Culicidae,2142,Culicinae,101388,Psorophora,281661,Psorophora ferox,Hilda Lynn, ,leg,Robert Nelson,9/5/2012,A, ,S, , ,29.697,-82.026,1, ,,United States,Florida,Putnam County,Ordway-Swisher Biological Station,,,,4745076|4745169,http://trace.boldsystems.org/traceIO/bold.org/6592338|http://trace.boldsystems.org/traceIO/bold.org/6592431,2013-01-09 02:58:53|2013-01-09 04:30:19,Biodiversity Institute of Ontario|Biodiversity Institute of Ontario,F|R,C_LepFolF|C_LepFolR,COI-5P|COI-5P
NEONU1498-12,NEONTculicid6256,3038442, ,culicid6256,"National Ecological Observatory Network, United States",BOLD:ACC4605,20,Arthropoda,82,Insecta,127,Diptera,1730,Culicidae,2142,Culicinae,6438,Aedes,510726,Aedes fulvus pallens,Hilda Lynn, ,leg,Robert Nelson,7/25/2012,A, ,S, , ,29.697,-82.026,1, ,,United States,Florida,Putnam County,Ordway-Swisher Biological Station,,,,4745406|4745501,http://trace.boldsystems.org/traceIO/bold.org/6592668|http://trace.boldsystems.org/traceIO/bold.org/6592763,2013-01-08 10:38:48|2013-01-08 18:18:24,Biodiversity Institute of Ontario|Biodiversity Institute of Ontario,F|R,C_LepFolF|C_LepFolR,COI-5P|COI-5P
NEONU1517-12,NEONTculicid6275,3038461, ,culicid6275,"National Ecological Observatory Network, United States",BOLD:ACC4707,20,Arthropoda,82,Insecta,127,Diptera,1730,Culicidae,2142,Culicinae,101388,Psorophora,281661,Psorophora ferox,Hilda Lynn, ,leg,Robert Nelson,7/25/2012,A, ,S, , ,29.697,-82.026,1, ,,United States,Florida,Putnam County,Ordway-Swisher Biological Station,,,,4745425|4745520,http://trace.boldsystems.org/traceIO/bold.org/6592687|http://trace.boldsystems.org/traceIO/bold.org/6592782,2013-01-08 10:38:48|2013-01-08 18:18:24,Biodiversity Institute of Ontario|Biodiversity Institute of Ontario,F|R,C_LepFolF|C_LepFolR,COI-5P|COI-5P
NEONU1495-12,NEONTculicid6253,3038439, ,culicid6253,"National Ecological Observatory Network, United States",BOLD:ACC4576,20,Arthropoda,82,Insecta,127,Diptera,1730,Culicidae,2142,Culicinae,101388,Psorophora,373167,Psorophora howardii,Hilda Lynn, ,leg,Robert Nelson,9/5/2012,A, ,S, , ,29.697,-82.026,1, ,,United States,Florida,Putnam County,Ordway-Swisher Biological Station,,,,4745403|4745498,http://trace.boldsystems.org/traceIO/bold.org/6592665|http://trace.boldsystems.org/traceIO/bold.org/6592760,2013-01-08 10:38:48|2013-01-08 18:18:24,Biodiversity Institute of Ontario|Biodiversity Institute of Ontario,F|R,C_LepFolF|C_LepFolR,COI-5P|COI-5P
NEONU1492-12,NEONTculicid6250,3038436, ,culicid6250,"National Ecological Observatory Network, United States",BOLD:ACC4576,20,Arthropoda,82,Insecta,127,Diptera,1730,Culicidae,2142,Culicinae,101388,Psorophora,373167,Psorophora howardii,Hilda Lynn, ,leg,Robert Nelson,9/5/2012,A, ,S, , ,29.697,-82.026,1, ,,United States,Florida,Putnam County,Ordway-Swisher Biological Station,,,,4745400|4745495,http://trace.boldsystems.org/traceIO/bold.org/6592662|http://trace.boldsystems.org/traceIO/bold.org/6592757,2013-01-08 10:38:48|2013-01-08 18:18:24,Biodiversity Institute of Ontario|Biodiversity Institute of Ontario,F|R,C_LepFolF|C_LepFolR,COI-5P|COI-5P
NEONU1493-12,NEONTculicid6251,3038437, ,culicid6251,"National Ecological Observatory Network, United States",BOLD:ACC4576,20,Arthropoda,82,Insecta,127,Diptera,1730,Culicidae,2142,Culicinae,101388,Psorophora,373167,Psorophora howardii,Hilda Lynn, ,leg,Robert Nelson,9/5/2012,A, ,S, , ,29.697,-82.026,1, ,,United States,Florida,Putnam County,Ordway-Swisher Biological Station,,,,4745401|4745496,http://trace.boldsystems.org/traceIO/bold.org/6592663|http://trace.boldsystems.org/traceIO/bold.org/6592758,2013-01-08 10:38:48|2013-01-08 18:18:24,Biodiversity Institute of Ontario|Biodiversity Institute of Ontario,F|R,C_LepFolF|C_LepFolR,COI-5P|COI-5P
NEONU1491-12,NEONTculicid6249,3038435,culicid6249,culicid6249,"National Ecological Observatory Network, United States",BOLD:ACC4576,20,Arthropoda,82,Insecta,127,Diptera,1730,Culicidae,2142,Culicinae,101388,Psorophora,373167,Psorophora howardii,Hilda Lynn, ,leg,Robert Nelson,9/5/2012,A, ,S, , ,29.697,-82.026,1, ,,United States,Florida,Putnam County,Ordway-Swisher Biological Station,,,,4745399|4745494,http://trace.boldsystems.org/traceIO/bold.org/6592661|http://trace.boldsystems.org/traceIO/bold.org/6592756,2013-01-08 10:38:48|2013-01-08 18:18:24,Biodiversity Institute of Ontario|Biodiversity Institute of Ontario,F|R,C_LepFolF|C_LepFolR,COI-5P|COI-5P
NEONU1488-12,NEONTculicid6246,3038432, ,culicid6246,"National Ecological Observatory Network, United States",BOLD:ACC4576,20,Arthropoda,82,Insecta,127,Diptera,1730,Culicidae,2142,Culicinae,101388,Psorophora,373167,Psorophora howardii,Hilda Lynn, ,leg,Robert Nelson,9/5/2012,A, ,S, , ,29.697,-82.026,1, ,,United States,Florida,Putnam County,Ordway-Swisher Biological Station,,,,4745396|4745491,http://trace.boldsystems.org/traceIO/bold.org/6592658|http://trace.boldsystems.org/traceIO/bold.org/6592753,2013-01-08 10:38:48|2013-01-08 18:18:24,Biodiversity Institute of Ontario|Biodiversity Institute of Ontario,F|R,C_LepFolF|C_LepFolR,COI-5P|COI-5P
NEONU1489-12,NEONTculicid6247,3038433, ,culicid6247,"National Ecological Observatory Network, United States",BOLD:ACC4576,20,Arthropoda,82,Insecta,127,Diptera,1730,Culicidae,2142,Culicinae,101388,Psorophora,373167,Psorophora howardii,Hilda Lynn, ,leg,Robert Nelson,9/5/2012,A, ,S, , ,29.697,-82.026,1, ,,United States,Florida,Putnam County,Ordway-Swisher Biological Station,,,,4745397|4745492,http://trace.boldsystems.org/traceIO/bold.org/6592659|http://trace.boldsystems.org/traceIO/bold.org/6592754,2013-01-08 10:38:48|2013-01-08 18:18:24,Biodiversity Institute of Ontario|Biodiversity Institute of Ontario,F|R,C_LepFolF|C_LepFolR,COI-5P|COI-5P
NEONU1505-12,NEONTculicid6262,3038449, ,culicid6262,"National Ecological Observatory Network, United States",BOLD:AAW1491,20,Arthropoda,82,Insecta,127,Diptera,1730,Culicidae,2142,Culicinae,6438,Aedes,373180,Aedes atlanticus,Hilda Lynn, ,leg,Robert Nelson,7/25/2012,A, ,S, , ,29.697,-82.026,1, ,,United States,Florida,Putnam County,Ordway-Swisher Biological Station,,,,4745508,http://trace.boldsystems.org/traceIO/bold.org/6592770,1/8/2013 18:18,Biodiversity Institute of Ontario,R,C_LepFolR,COI-5P
NEONU1487-12,NEONTculicid6245,3038431, ,culicid6245,"National Ecological Observatory Network, United States",BOLD:ACC4576,20,Arthropoda,82,Insecta,127,Diptera,1730,Culicidae,2142,Culicinae,101388,Psorophora,373167,Psorophora howardii,Hilda Lynn, ,leg,Robert Nelson,9/5/2012,A, ,S, , ,29.697,-82.026,1, ,,United States,Florida,Putnam County,Ordway-Swisher Biological Station,,,,4745490,http://trace.boldsystems.org/traceIO/bold.org/6592752,1/8/2013 18:18,Biodiversity Institute of Ontario,R,C_LepFolR,COI-5P
NEONU1497-12,NEONTculicid6255,3038441, ,culicid6255,"National Ecological Observatory Network, United States",BOLD:ACC4605,20,Arthropoda,82,Insecta,127,Diptera,1730,Culicidae,2142,Culicinae,6438,Aedes,510726,Aedes fulvus pallens,Hilda Lynn, ,leg,Robert Nelson,7/25/2012,A, ,S, , ,29.697,-82.026,1, ,,United States,Florida,Putnam County,Ordway-Swisher Biological Station,,,,4745405|4745500,http://trace.boldsystems.org/traceIO/bold.org/6592667|http://trace.boldsystems.org/traceIO/bold.org/6592762,2013-01-08 10:38:48|2013-01-08 18:18:24,Biodiversity Institute of Ontario|Biodiversity Institute of Ontario,F|R,C_LepFolF|C_LepFolR,COI-5P|COI-5P
NEONU1504-12,NEONTculicid6263,3038448, ,culicid6263,"National Ecological Observatory Network, United States",BOLD:AAW1491,20,Arthropoda,82,Insecta,127,Diptera,1730,Culicidae,2142,Culicinae,6438,Aedes,373180,Aedes atlanticus,Hilda Lynn, ,leg,Robert Nelson,7/25/2012,A, ,S, , ,29.697,-82.026,1, ,,United States,Florida,Putnam County,Ordway-Swisher Biological Station,,,,4745412|4745507,http://trace.boldsystems.org/traceIO/bold.org/6592674|http://trace.boldsystems.org/traceIO/bold.org/6592769,2013-01-08 10:38:48|2013-01-08 18:18:24,Biodiversity Institute of Ontario|Biodiversity Institute of Ontario,F|R,C_LepFolF|C_LepFolR,COI-5P|COI-5P
NEONU1501-12,NEONTculicid6259,3038445, ,culicid6259,"National Ecological Observatory Network, United States",BOLD:ACC4605,20,Arthropoda,82,Insecta,127,Diptera,1730,Culicidae,2142,Culicinae,6438,Aedes,510726,Aedes fulvus pallens,Hilda Lynn, ,leg,Robert Nelson,7/25/2012,A, ,S, , ,29.697,-82.026,1, ,,United States,Florida,Putnam County,Ordway-Swisher Biological Station,,,,4745409|4745504,http://trace.boldsystems.org/traceIO/bold.org/6592671|http://trace.boldsystems.org/traceIO/bold.org/6592766,2013-01-08 10:38:48|2013-01-08 18:18:24,Biodiversity Institute of Ontario|Biodiversity Institute of Ontario,F|R,C_LepFolF|C_LepFolR,COI-5P|COI-5P
NEONU1496-12,NEONTculicid6254,3038440, ,culicid6254,"National Ecological Observatory Network, United States",BOLD:ACC4576,20,Arthropoda,82,Insecta,127,Diptera,1730,Culicidae,2142,Culicinae,101388,Psorophora,373167,Psorophora howardii,Hilda Lynn, ,leg,Robert Nelson,9/5/2012,A, ,S, , ,29.697,-82.026,1, ,,United States,Florida,Putnam County,Ordway-Swisher Biological Station,,,,4745404|4745499,http://trace.boldsystems.org/traceIO/bold.org/6592666|http://trace.boldsystems.org/traceIO/bold.org/6592761,2013-01-08 10:38:48|2013-01-08 18:18:24,Biodiversity Institute of Ontario|Biodiversity Institute of Ontario,F|R,C_LepFolF|C_LepFolR,COI-5P|COI-5P
NEONU1490-12,NEONTculicid6248,3038434, ,culicid6248,"National Ecological Observatory Network, United States",BOLD:ACC4576,20,Arthropoda,82,Insecta,127,Diptera,1730,Culicidae,2142,Culicinae,101388,Psorophora,373167,Psorophora howardii,Hilda Lynn, ,leg,Robert Nelson,9/5/2012,A, ,S, , ,29.697,-82.026,1, ,,United States,Florida,Putnam County,Ordway-Swisher Biological Station,,,,4745398|4745493,http://trace.boldsystems.org/traceIO/bold.org/6592660|http://trace.boldsystems.org/traceIO/bold.org/6592755,2013-01-08 10:38:48|2013-01-08 18:18:24,Biodiversity Institute of Ontario|Biodiversity Institute of Ontario,F|R,C_LepFolF|C_LepFolR,COI-5P|COI-5P
NEONU1494-12,NEONTculicid6252,3038438, ,culicid6252,"National Ecological Observatory Network, United States",BOLD:ACC4576,20,Arthropoda,82,Insecta,127,Diptera,1730,Culicidae,2142,Culicinae,101388,Psorophora,373167,Psorophora howardii,Hilda Lynn, ,leg,Robert Nelson,9/5/2012,A, ,S, , ,29.697,-82.026,1, ,,United States,Florida,Putnam County,Ordway-Swisher Biological Station,,,,4745402|4745497,http://trace.boldsystems.org/traceIO/bold.org/6592664|http://trace.boldsystems.org/traceIO/bold.org/6592759,2013-01-08 10:38:48|2013-01-08 18:18:24,Biodiversity Institute of Ontario|Biodiversity Institute of Ontario,F|R,C_LepFolF|C_LepFolR,COI-5P|COI-5P
NEONU1484-12,NEONTculicid6242,3038428, ,culicid6242,"National Ecological Observatory Network, United States",BOLD:AAC9476,20,Arthropoda,82,Insecta,127,Diptera,1730,Culicidae,2142,Culicinae,6438,Aedes,22801,Aedes triseriatus,Hilda Lynn, ,leg,Robert Nelson,7/25/2012,A, ,S, , ,29.7,-82.019,2, ,,United States,Florida,Putnam County,Ordway-Swisher Biological Station,,,,4745392|4745487,http://trace.boldsystems.org/traceIO/bold.org/6592654|http://trace.boldsystems.org/traceIO/bold.org/6592749,2013-01-08 10:38:48|2013-01-08 18:18:24,Biodiversity Institute of Ontario|Biodiversity Institute of Ontario,F|R,C_LepFolF|C_LepFolR,COI-5P|COI-5P
NEONU1483-12,NEONTculicid6241,3038427, ,culicid6241,"National Ecological Observatory Network, United States",BOLD:AAC9476,20,Arthropoda,82,Insecta,127,Diptera,1730,Culicidae,2142,Culicinae,6438,Aedes,22801,Aedes triseriatus,Hilda Lynn, ,leg,Robert Nelson,7/25/2012,A, ,S, , ,29.7,-82.019,2, ,,United States,Florida,Putnam County,Ordway-Swisher Biological Station,,,,4745391|4745486,http://trace.boldsystems.org/traceIO/bold.org/6592653|http://trace.boldsystems.org/traceIO/bold.org/6592748,2013-01-08 10:38:48|2013-01-08 18:18:24,Biodiversity Institute of Ontario|Biodiversity Institute of Ontario,F|R,C_LepFolF|C_LepFolR,COI-5P|COI-5P
NEONU1478-12,NEONTculicid6236,3038422, ,culicid6236,"National Ecological Observatory Network, United States",BOLD:AAC9476,20,Arthropoda,82,Insecta,127,Diptera,1730,Culicidae,2142,Culicinae,6438,Aedes,22801,Aedes triseriatus,Hilda Lynn, ,leg,Robert Nelson,7/26/2012,A, ,S, , ,29.7,-82.019,2, ,,United States,Florida,Putnam County,Ordway-Swisher Biological Station,,,,4745386|4745481,http://trace.boldsystems.org/traceIO/bold.org/6592648|http://trace.boldsystems.org/traceIO/bold.org/6592743,2013-01-08 10:38:48|2013-01-08 18:18:24,Biodiversity Institute of Ontario|Biodiversity Institute of Ontario,F|R,C_LepFolF|C_LepFolR,COI-5P|COI-5P
NEONU1480-12,NEONTculicid6238,3038424, ,culicid6238,"National Ecological Observatory Network, United States",BOLD:AAC9476,20,Arthropoda,82,Insecta,127,Diptera,1730,Culicidae,2142,Culicinae,6438,Aedes,22801,Aedes triseriatus,Hilda Lynn, ,leg,Robert Nelson,7/26/2012,A, ,S, , ,29.7,-82.019,2, ,,United States,Florida,Putnam County,Ordway-Swisher Biological Station,,,,4745388|4745483,http://trace.boldsystems.org/traceIO/bold.org/6592650|http://trace.boldsystems.org/traceIO/bold.org/6592745,2013-01-08 10:38:48|2013-01-08 18:18:24,Biodiversity Institute of Ontario|Biodiversity Institute of Ontario,F|R,C_LepFolF|C_LepFolR,COI-5P|COI-5P
NEONU1479-12,NEONTculicid6237,3038423, ,culicid6237,"National Ecological Observatory Network, United States",BOLD:AAC9476,20,Arthropoda,82,Insecta,127,Diptera,1730,Culicidae,2142,Culicinae,6438,Aedes,384445,Aedes hendersoni,David Hoekman, ,leg,Robert Nelson,7/26/2012,A, ,S,DNA ID, ,29.7,-82.019,2, ,,United States,Florida,Putnam County,Ordway-Swisher Biological Station,,,,4745387|4745482,http://trace.boldsystems.org/traceIO/bold.org/6592649|http://trace.boldsystems.org/traceIO/bold.org/6592744,2013-01-08 10:38:48|2013-01-08 18:18:24,Biodiversity Institute of Ontario|Biodiversity Institute of Ontario,F|R,C_LepFolF|C_LepFolR,COI-5P|COI-5P
NEONU1485-12,NEONTculicid6243,3038429, ,culicid6243,"National Ecological Observatory Network, United States",BOLD:AAC9476,20,Arthropoda,82,Insecta,127,Diptera,1730,Culicidae,2142,Culicinae,6438,Aedes,22801,Aedes triseriatus,Hilda Lynn, ,leg,Robert Nelson,7/25/2012,A, ,S, , ,29.678,-82.004,3, ,,United States,Florida,Putnam County,Ordway-Swisher Biological Station,,,,4745393|4745488,http://trace.boldsystems.org/traceIO/bold.org/6592655|http://trace.boldsystems.org/traceIO/bold.org/6592750,2013-01-08 10:38:48|2013-01-08 18:18:24,Biodiversity Institute of Ontario|Biodiversity Institute of Ontario,F|R,C_LepFolF|C_LepFolR,COI-5P|COI-5P
NEONU1604-12,NEONTculicid6314,3038548, ,culicid6314,"National Ecological Observatory Network, United States",BOLD:AAW1491,20,Arthropoda,82,Insecta,127,Diptera,1730,Culicidae,2142,Culicinae,6438,Aedes,373180,Aedes atlanticus,Hilda Lynn, ,leg,Robert Nelson,9/6/2012,A, ,S, , ,29.697,-81.994,4, ,,United States,Florida,Putnam County,Ordway-Swisher Biological Station,,,,4745081|4745174,http://trace.boldsystems.org/traceIO/bold.org/6592343|http://trace.boldsystems.org/traceIO/bold.org/6592436,2013-01-09 02:58:53|2013-01-09 04:30:19,Biodiversity Institute of Ontario|Biodiversity Institute of Ontario,F|R,C_LepFolF|C_LepFolR,COI-5P|COI-5P
NEONU1482-12,NEONTculicid6240,3038426, ,culicid6240,"National Ecological Observatory Network, United States",BOLD:AAC9476,20,Arthropoda,82,Insecta,127,Diptera,1730,Culicidae,2142,Culicinae,6438,Aedes,22801,Aedes triseriatus,Hilda Lynn, ,leg,Robert Nelson,7/26/2012,A, ,S, , ,29.697,-81.994,4, ,,United States,Florida,Putnam County,Ordway-Swisher Biological Station,,,,4745485|4745390,http://trace.boldsystems.org/traceIO/bold.org/6592747|http://trace.boldsystems.org/traceIO/bold.org/6592652,2013-01-08 18:18:24|2013-01-08 10:38:48,Biodiversity Institute of Ontario|Biodiversity Institute of Ontario,R|F,C_LepFolR|C_LepFolF,COI-5P|COI-5P
NEONU1598-12,NEONTculicid6351,3038542, ,culicid6351,"National Ecological Observatory Network, United States",BOLD:ACC4736,20,Arthropoda,82,Insecta,127,Diptera,1730,Culicidae,2142,Culicinae,6438,Aedes,373190,Aedes mitchellae,Hilda Lynn, ,leg,Robert Nelson,9/5/2012,A, ,S,Group variation (morph), ,29.687,-81.983,5, ,,United States,Florida,Putnam County,Ordway-Swisher Biological Station,,,,4745075|4745168,http://trace.boldsystems.org/traceIO/bold.org/6592337|http://trace.boldsystems.org/traceIO/bold.org/6592430,2013-01-09 02:58:53|2013-01-09 04:30:19,Biodiversity Institute of Ontario|Biodiversity Institute of Ontario,F|R,C_LepFolF|C_LepFolR,COI-5P|COI-5P
NEONU1516-12,NEONTculicid6274,3038460, ,culicid6274,"National Ecological Observatory Network, United States",BOLD:AAN3636,20,Arthropoda,82,Insecta,127,Diptera,1730,Culicidae,2142,Culicinae,6441,Culex,208263,Culex coronator,Hilda Lynn, ,leg,Robert Nelson,9/5/2012,A, ,S, , ,29.687,-81.983,5, ,,United States,Florida,Putnam County,Ordway-Swisher Biological Station,,,,4745424|4745519,http://trace.boldsystems.org/traceIO/bold.org/6592686|http://trace.boldsystems.org/traceIO/bold.org/6592781,2013-01-08 10:38:48|2013-01-08 18:18:24,Biodiversity Institute of Ontario|Biodiversity Institute of Ontario,F|R,C_LepFolF|C_LepFolR,COI-5P|COI-5P
NEONU1515-12,NEONTculicid6273,3038459, ,culicid6273,"National Ecological Observatory Network, United States",BOLD:AAN3636,20,Arthropoda,82,Insecta,127,Diptera,1730,Culicidae,2142,Culicinae,6441,Culex,208263,Culex coronator,Hilda Lynn, ,leg,Robert Nelson,9/5/2012,A, ,S, , ,29.691,-81.976,6, ,,United States,Florida,Putnam County,Ordway-Swisher Biological Station,,,,4745423|4745518,http://trace.boldsystems.org/traceIO/bold.org/6592685|http://trace.boldsystems.org/traceIO/bold.org/6592780,2013-01-08 10:38:48|2013-01-08 18:18:24,Biodiversity Institute of Ontario|Biodiversity Institute of Ontario,F|R,C_LepFolF|C_LepFolR,COI-5P|COI-5P
NEONU1554-12,NEONTculicid6218,3038498, ,culicid6218,"National Ecological Observatory Network, United States",BOLD:AAE0434,20,Arthropoda,82,Insecta,127,Diptera,1730,Culicidae,2142,Culicinae,6445,Uranotaenia,14070,Uranotaenia sapphirina,C. Roxanne Connelly, ,leg,Robert Nelson,9/25/2012,A, ,S, , ,29.73,-81.974,7, ,,United States,Florida,Putnam County,Ordway-Swisher Biological Station,,,,4745031|4745124,http://trace.boldsystems.org/traceIO/bold.org/6592293|http://trace.boldsystems.org/traceIO/bold.org/6592386,2013-01-09 02:58:53|2013-01-09 04:30:19,Biodiversity Institute of Ontario|Biodiversity Institute of Ontario,F|R,C_LepFolF|C_LepFolR,COI-5P|COI-5P
NEONU1551-12,NEONTculicid6215,3038495, ,culicid6215,"National Ecological Observatory Network, United States", ,20,Arthropoda,82,Insecta,127,Diptera,1730,Culicidae,2142,Culicinae,6445,Uranotaenia,14070,Uranotaenia sapphirina,C. Roxanne Connelly, ,leg,Robert Nelson,9/25/2012,A, ,S,Contaminant, ,29.73,-81.974,7, ,,United States,Florida,Putnam County,Ordway-Swisher Biological Station,,,,4745028|4745121,http://trace.boldsystems.org/traceIO/bold.org/6592290|http://trace.boldsystems.org/traceIO/bold.org/6592383,2013-01-09 02:58:53|2013-01-09 04:30:19,Biodiversity Institute of Ontario|Biodiversity Institute of Ontario,F|R,C_LepFolF|C_LepFolR,COI-5P|COI-5P
NEONU1553-12,NEONTculicid6217,3038497, ,culicid6217,"National Ecological Observatory Network, United States",BOLD:AAE0434,20,Arthropoda,82,Insecta,127,Diptera,1730,Culicidae,2142,Culicinae,6445,Uranotaenia,14070,Uranotaenia sapphirina,C. Roxanne Connelly, ,leg,Robert Nelson,9/25/2012,A, ,S, , ,29.73,-81.974,7, ,,United States,Florida,Putnam County,Ordway-Swisher Biological Station,,,,4745030|4745123,http://trace.boldsystems.org/traceIO/bold.org/6592292|http://trace.boldsystems.org/traceIO/bold.org/6592385,2013-01-09 02:58:53|2013-01-09 04:30:19,Biodiversity Institute of Ontario|Biodiversity Institute of Ontario,F|R,C_LepFolF|C_LepFolR,COI-5P|COI-5P
NEONU1477-12,NEONTculicid6235,3038421, ,culicid6235,"National Ecological Observatory Network, United States",BOLD:AAC9476,20,Arthropoda,82,Insecta,127,Diptera,1730,Culicidae,2142,Culicinae,6438,Aedes,22801,Aedes triseriatus,C. Roxanne Connelly, ,leg,Robert Nelson,9/26/2012,A, ,S, , ,29.73,-81.974,7, ,,United States,Florida,Putnam County,Ordway-Swisher Biological Station,,,,4745385|4745480,http://trace.boldsystems.org/traceIO/bold.org/6592647|http://trace.boldsystems.org/traceIO/bold.org/6592742,2013-01-08 10:38:48|2013-01-08 18:18:24,Biodiversity Institute of Ontario|Biodiversity Institute of Ontario,F|R,C_LepFolF|C_LepFolR,COI-5P|COI-5P
NEONU1552-12,NEONTculicid6216,3038496, ,culicid6216,"National Ecological Observatory Network, United States",BOLD:AAE0434,20,Arthropoda,82,Insecta,127,Diptera,1730,Culicidae,2142,Culicinae,6445,Uranotaenia,14070,Uranotaenia sapphirina,C. Roxanne Connelly, ,leg,Robert Nelson,9/25/2012,A, ,S, , ,29.73,-81.974,7, ,,United States,Florida,Putnam County,Ordway-Swisher Biological Station,,,,4745029|4745122,http://trace.boldsystems.org/traceIO/bold.org/6592291|http://trace.boldsystems.org/traceIO/bold.org/6592384,2013-01-09 02:58:53|2013-01-09 04:30:19,Biodiversity Institute of Ontario|Biodiversity Institute of Ontario,F|R,C_LepFolF|C_LepFolR,COI-5P|COI-5P
NEONU1519-12,NEONTculicid6276,3038463, ,culicid6276,"National Ecological Observatory Network, United States", ,20,Arthropoda,82,Insecta,127,Diptera,1730,Culicidae,2142,Culicinae,6441,Culex,14296,Culex tarsalis,Hilda Lynn, ,leg,Robert Nelson,7/25/2012,A, ,S,Contaminant, ,29.728,-81.968,8, ,,United States,Florida,Putnam County,Ordway-Swisher Biological Station,,,,4745427|4745522,http://trace.boldsystems.org/traceIO/bold.org/6592689|http://trace.boldsystems.org/traceIO/bold.org/6592784,2013-01-08 10:38:48|2013-01-08 18:18:24,Biodiversity Institute of Ontario|Biodiversity Institute of Ontario,F|R,C_LepFolF|C_LepFolR,COI-5P|COI-5P
NEONU1549-12,NEONTculicid6281,3038493, ,culicid6281,"National Ecological Observatory Network, United States",BOLD:AAE7788,20,Arthropoda,82,Insecta,127,Diptera,1730,Culicidae,2142,Culicinae,6441,Culex,14083,Culex salinarius,C. Roxanne Connelly, ,leg,Robert Nelson,9/25/2012,A, ,S, , ,29.728,-81.968,8, ,,United States,Florida,Putnam County,Ordway-Swisher Biological Station,,,,4745026|4745119,http://trace.boldsystems.org/traceIO/bold.org/6592288|http://trace.boldsystems.org/traceIO/bold.org/6592381,2013-01-09 02:58:53|2013-01-09 04:30:19,Biodiversity Institute of Ontario|Biodiversity Institute of Ontario,F|R,C_LepFolF|C_LepFolR,COI-5P|COI-5P
NEONU1550-12,NEONTculicid6214,3038494, ,culicid6214,"National Ecological Observatory Network, United States",BOLD:AAE7788,20,Arthropoda,82,Insecta,127,Diptera,1730,Culicidae,2142,Culicinae,6441,Culex,14083,Culex salinarius,C. Roxanne Connelly, ,leg,Robert Nelson,9/25/2012,A, ,S, , ,29.728,-81.968,8, ,,United States,Florida,Putnam County,Ordway-Swisher Biological Station,,,,4745027|4745120,http://trace.boldsystems.org/traceIO/bold.org/6592289|http://trace.boldsystems.org/traceIO/bold.org/6592382,2013-01-09 02:58:53|2013-01-09 04:30:19,Biodiversity Institute of Ontario|Biodiversity Institute of Ontario,F|R,C_LepFolF|C_LepFolR,COI-5P|COI-5P
NEONU1547-12,NEONTculicid6279,3038491, ,culicid6279,"National Ecological Observatory Network, United States",BOLD:AAE7788,20,Arthropoda,82,Insecta,127,Diptera,1730,Culicidae,2142,Culicinae,6441,Culex,14083,Culex salinarius,C. Roxanne Connelly, ,leg,Robert Nelson,9/25/2012,A, ,S, , ,29.728,-81.968,8, ,,United States,Florida,Putnam County,Ordway-Swisher Biological Station,,,,4745024|4745117,http://trace.boldsystems.org/traceIO/bold.org/6592286|http://trace.boldsystems.org/traceIO/bold.org/6592379,2013-01-09 02:58:53|2013-01-09 04:30:19,Biodiversity Institute of Ontario|Biodiversity Institute of Ontario,F|R,C_LepFolF|C_LepFolR,COI-5P|COI-5P
NEONU1548-12,NEONTculicid6280,3038492, ,culicid6280,"National Ecological Observatory Network, United States",BOLD:AAE7788,20,Arthropoda,82,Insecta,127,Diptera,1730,Culicidae,2142,Culicinae,6441,Culex,14083,Culex salinarius,C. Roxanne Connelly, ,leg,Robert Nelson,9/25/2012,A, ,S, , ,29.728,-81.968,8, ,,United States,Florida,Putnam County,Ordway-Swisher Biological Station,,,,4745025|4745118,http://trace.boldsystems.org/traceIO/bold.org/6592287|http://trace.boldsystems.org/traceIO/bold.org/6592380,2013-01-09 02:58:53|2013-01-09 04:30:19,Biodiversity Institute of Ontario|Biodiversity Institute of Ontario,F|R,C_LepFolF|C_LepFolR,COI-5P|COI-5P
NEONU1503-12,NEONTculicid6261,3038447, ,culicid6261,"National Ecological Observatory Network, United States",BOLD:AAG3848,20,Arthropoda,82,Insecta,127,Diptera,1730,Culicidae,2142,Culicinae,6441,Culex,101380,Culex erraticus,Hilda Lynn, ,leg,Robert Nelson,7/25/2012,A, ,S, , ,29.692,-81.959,9, ,,United States,Florida,Putnam County,Ordway-Swisher Biological Station,,,,4745411|4745506,http://trace.boldsystems.org/traceIO/bold.org/6592673|http://trace.boldsystems.org/traceIO/bold.org/6592768,2013-01-08 10:38:48|2013-01-08 18:18:24,Biodiversity Institute of Ontario|Biodiversity Institute of Ontario,F|R,C_LepFolF|C_LepFolR,COI-5P|COI-5P
NEONU1509-12,NEONTculicid6267,3038453, ,culicid6267,"National Ecological Observatory Network, United States",BOLD:AAC9486,20,Arthropoda,82,Insecta,127,Diptera,1730,Culicidae,2142,Culicinae,6438,Aedes,373188,Aedes infirmatus,Hilda Lynn, ,leg,Robert Nelson,7/25/2012,A, ,S, , ,29.692,-81.959,9, ,,United States,Florida,Putnam County,Ordway-Swisher Biological Station,,,,4745417|4745512,http://trace.boldsystems.org/traceIO/bold.org/6592679|http://trace.boldsystems.org/traceIO/bold.org/6592774,2013-01-08 10:38:48|2013-01-08 18:18:24,Biodiversity Institute of Ontario|Biodiversity Institute of Ontario,F|R,C_LepFolF|C_LepFolR,COI-5P|COI-5P
NEONU1502-12,NEONTculicid6260,3038446, ,culicid6260,"National Ecological Observatory Network, United States",BOLD:AAG3848,20,Arthropoda,82,Insecta,127,Diptera,1730,Culicidae,2142,Culicinae,6441,Culex,101380,Culex erraticus,Hilda Lynn, ,leg,Robert Nelson,7/25/2012,A, ,S, , ,29.692,-81.959,9, ,,United States,Florida,Putnam County,Ordway-Swisher Biological Station,,,,4745410|4745505,http://trace.boldsystems.org/traceIO/bold.org/6592672|http://trace.boldsystems.org/traceIO/bold.org/6592767,2013-01-08 10:38:48|2013-01-08 18:18:24,Biodiversity Institute of Ontario|Biodiversity Institute of Ontario,F|R,C_LepFolF|C_LepFolR,COI-5P|COI-5P
NEONU1510-12,NEONTculicid6268,3038454, ,culicid6268,"National Ecological Observatory Network, United States",BOLD:AAC9486,20,Arthropoda,82,Insecta,127,Diptera,1730,Culicidae,2142,Culicinae,6438,Aedes,373188,Aedes infirmatus,Hilda Lynn, ,leg,Robert Nelson,7/25/2012,A, ,S, , ,29.692,-81.959,9, ,,United States,Florida,Putnam County,Ordway-Swisher Biological Station,,,,4745418|4745513,http://trace.boldsystems.org/traceIO/bold.org/6592680|http://trace.boldsystems.org/traceIO/bold.org/6592775,2013-01-08 10:38:48|2013-01-08 18:18:24,Biodiversity Institute of Ontario|Biodiversity Institute of Ontario,F|R,C_LepFolF|C_LepFolR,COI-5P|COI-5P
NEONU1507-12,NEONTculicid6265,3038451, ,culicid6265,"National Ecological Observatory Network, United States",BOLD:AAG3850,20,Arthropoda,82,Insecta,127,Diptera,1730,Culicidae,2142,Culicinae,101388,Psorophora,510727,Psorophora columbiae,Hilda Lynn, ,leg,Robert Nelson,7/25/2012,A, ,S, , ,29.692,-81.959,9, ,,United States,Florida,Putnam County,Ordway-Swisher Biological Station,,,,4745415|4745510,http://trace.boldsystems.org/traceIO/bold.org/6592677|http://trace.boldsystems.org/traceIO/bold.org/6592772,2013-01-08 10:38:48|2013-01-08 18:18:24,Biodiversity Institute of Ontario|Biodiversity Institute of Ontario,F|R,C_LepFolF|C_LepFolR,COI-5P|COI-5P
NEONU1513-12,NEONTculicid6271,3038457, ,culicid6271,"National Ecological Observatory Network, United States",BOLD:ACC4736,20,Arthropoda,82,Insecta,127,Diptera,1730,Culicidae,2142,Culicinae,6438,Aedes,373190,Aedes mitchellae,Hilda Lynn, ,leg,Robert Nelson,7/25/2012,A, ,S,Group variation (morph), ,29.692,-81.959,9, ,,United States,Florida,Putnam County,Ordway-Swisher Biological Station,,,,4745421|4745516,http://trace.boldsystems.org/traceIO/bold.org/6592683|http://trace.boldsystems.org/traceIO/bold.org/6592778,2013-01-08 10:38:48|2013-01-08 18:18:24,Biodiversity Institute of Ontario|Biodiversity Institute of Ontario,F|R,C_LepFolF|C_LepFolR,COI-5P|COI-5P
NEONU1602-12,NEONTculicid6414,3038546, ,culicid6414,"National Ecological Observatory Network, United States",BOLD:AAG3850,20,Arthropoda,82,Insecta,127,Diptera,1730,Culicidae,2142,Culicinae,101388,Psorophora,510727,Psorophora columbiae,Hilda Lynn, ,leg,Robert Nelson,7/25/2012,A, ,S, , ,29.692,-81.959,9, ,,United States,Florida,Putnam County,Ordway-Swisher Biological Station,,,,4745079|4745172,http://trace.boldsystems.org/traceIO/bold.org/6592341|http://trace.boldsystems.org/traceIO/bold.org/6592434,2013-01-09 02:58:53|2013-01-09 04:30:19,Biodiversity Institute of Ontario|Biodiversity Institute of Ontario,F|R,C_LepFolF|C_LepFolR,COI-5P|COI-5P
NEONU1506-12,NEONTculicid6264,3038450, ,culicid6264,"National Ecological Observatory Network, United States", ,20,Arthropoda,82,Insecta,127,Diptera,1730,Culicidae,2142,Culicinae,101388,Psorophora,510727,Psorophora columbiae,Hilda Lynn, ,leg,Robert Nelson,7/25/2012,A, ,S,Contaminant, ,29.692,-81.959,9, ,,United States,Florida,Putnam County,Ordway-Swisher Biological Station,,,,4745414|4745509,http://trace.boldsystems.org/traceIO/bold.org/6592676|http://trace.boldsystems.org/traceIO/bold.org/6592771,2013-01-08 10:38:48|2013-01-08 18:18:24,Biodiversity Institute of Ontario|Biodiversity Institute of Ontario,F|R,C_LepFolF|C_LepFolR,COI-5P|COI-5P
NEONU1514-12,NEONTculicid6272,3038458, ,culicid6272,"National Ecological Observatory Network, United States",BOLD:ACC4736,20,Arthropoda,82,Insecta,127,Diptera,1730,Culicidae,2142,Culicinae,6438,Aedes,373190,Aedes mitchellae,Hilda Lynn, ,leg,Robert Nelson,7/25/2012,A, ,S,Group variation (morph), ,29.692,-81.959,9, ,,United States,Florida,Putnam County,Ordway-Swisher Biological Station,,,,4745422|4745517,http://trace.boldsystems.org/traceIO/bold.org/6592684|http://trace.boldsystems.org/traceIO/bold.org/6592779,2013-01-08 10:38:48|2013-01-08 18:18:24,Biodiversity Institute of Ontario|Biodiversity Institute of Ontario,F|R,C_LepFolF|C_LepFolR,COI-5P|COI-5P
NEONU1512-12,NEONTculicid6270,3038456, ,culicid6270,"National Ecological Observatory Network, United States",BOLD:ACC4736,20,Arthropoda,82,Insecta,127,Diptera,1730,Culicidae,2142,Culicinae,6438,Aedes,373190,Aedes mitchellae,Hilda Lynn, ,leg,Robert Nelson,7/25/2012,A, ,S,Group variation (morph), ,29.692,-81.959,9, ,,United States,Florida,Putnam County,Ordway-Swisher Biological Station,,,,4745420|4745515,http://trace.boldsystems.org/traceIO/bold.org/6592682|http://trace.boldsystems.org/traceIO/bold.org/6592777,2013-01-08 10:38:48|2013-01-08 18:18:24,Biodiversity Institute of Ontario|Biodiversity Institute of Ontario,F|R,C_LepFolF|C_LepFolR,COI-5P|COI-5P
NEONU1508-12,NEONTculicid6266,3038452, ,culicid6266,"National Ecological Observatory Network, United States",BOLD:AAG3850,20,Arthropoda,82,Insecta,127,Diptera,1730,Culicidae,2142,Culicinae,101388,Psorophora,510727,Psorophora columbiae,Hilda Lynn, ,leg,Robert Nelson,7/25/2012,A, ,S, , ,29.692,-81.959,9, ,,United States,Florida,Putnam County,Ordway-Swisher Biological Station,,,,4745416|4745511,http://trace.boldsystems.org/traceIO/bold.org/6592678|http://trace.boldsystems.org/traceIO/bold.org/6592773,2013-01-08 10:38:48|2013-01-08 18:18:24,Biodiversity Institute of Ontario|Biodiversity Institute of Ontario,F|R,C_LepFolF|C_LepFolR,COI-5P|COI-5P
NEONU1486-12,NEONTculicid6244,3038430, ,culicid6244,"National Ecological Observatory Network, United States",BOLD:AAC9476,20,Arthropoda,82,Insecta,127,Diptera,1730,Culicidae,2142,Culicinae,6438,Aedes,22801,Aedes triseriatus,Hilda Lynn, ,leg,Robert Nelson,7/25/2012,A, ,S, , ,29.692,-81.959,9, ,,United States,Florida,Putnam County,Ordway-Swisher Biological Station,,,,4745394|4745489,http://trace.boldsystems.org/traceIO/bold.org/6592656|http://trace.boldsystems.org/traceIO/bold.org/6592751,2013-01-08 10:38:48|2013-01-08 18:18:24,Biodiversity Institute of Ontario|Biodiversity Institute of Ontario,F|R,C_LepFolF|C_LepFolR,COI-5P|COI-5P
NEONU1600-12,NEONTculicid6411,3038544, ,culicid6411,"National Ecological Observatory Network, United States",BOLD:AAE0434,20,Arthropoda,82,Insecta,127,Diptera,1730,Culicidae,2142,Culicinae,6445,Uranotaenia,14070,Uranotaenia sapphirina,Hilda Lynn, ,leg,Robert Nelson,9/6/2012,A, ,S, , ,29.692,-81.959,9, ,,United States,Florida,Putnam County,Ordway-Swisher Biological Station,,,,4745077|4745170,http://trace.boldsystems.org/traceIO/bold.org/6592339|http://trace.boldsystems.org/traceIO/bold.org/6592432,2013-01-09 02:58:53|2013-01-09 04:30:19,Biodiversity Institute of Ontario|Biodiversity Institute of Ontario,F|R,C_LepFolF|C_LepFolR,COI-5P|COI-5P
NEONU1511-12,NEONTculicid6269,3038455, ,culicid6269,"National Ecological Observatory Network, United States",BOLD:AAC9486,20,Arthropoda,82,Insecta,127,Diptera,1730,Culicidae,2142,Culicinae,6438,Aedes,373188,Aedes infirmatus,Hilda Lynn, ,leg,Robert Nelson,7/25/2012,A, ,S, , ,29.692,-81.959,9, ,,United States,Florida,Putnam County,Ordway-Swisher Biological Station,,,,4745419|4745514,http://trace.boldsystems.org/traceIO/bold.org/6592681|http://trace.boldsystems.org/traceIO/bold.org/6592776,2013-01-08 10:38:48|2013-01-08 18:18:24,Biodiversity Institute of Ontario|Biodiversity Institute of Ontario,F|R,C_LepFolF|C_LepFolR,COI-5P|COI-5P
NEONU1601-12,NEONTculicid6586,3038545, ,culicid6586,"National Ecological Observatory Network, United States",BOLD:AAG3848,20,Arthropoda,82,Insecta,127,Diptera,1730,Culicidae,2142,Culicinae,6441,Culex,101380,Culex erraticus,Hilda Lynn, ,leg,Robert Nelson,7/25/2012,A, ,S, , ,29.692,-81.959,9, ,,United States,Florida,Putnam County,Ordway-Swisher Biological Station,,,,4745078|4745171,http://trace.boldsystems.org/traceIO/bold.org/6592340|http://trace.boldsystems.org/traceIO/bold.org/6592433,2013-01-09 02:58:53|2013-01-09 04:30:19,Biodiversity Institute of Ontario|Biodiversity Institute of Ontario,F|R,C_LepFolF|C_LepFolR,COI-5P|COI-5P
NEONU1603-12,NEONTculicid6590,3038547, ,culicid6590,"National Ecological Observatory Network, United States",BOLD:AAC9486,20,Arthropoda,82,Insecta,127,Diptera,1730,Culicidae,2142,Culicinae,6438,Aedes,373188,Aedes infirmatus,Hilda Lynn, ,leg,Robert Nelson,7/25/2012,A, ,S, , ,29.692,-81.959,9, ,,United States,Florida,Putnam County,Ordway-Swisher Biological Station,,,,4745080|4745173,http://trace.boldsystems.org/traceIO/bold.org/6592342|http://trace.boldsystems.org/traceIO/bold.org/6592435,2013-01-09 02:58:53|2013-01-09 04:30:19,Biodiversity Institute of Ontario|Biodiversity Institute of Ontario,F|R,C_LepFolF|C_LepFolR,COI-5P|COI-5P
